	sample_ID	Lab_ID	Location	Country	Field_ID	Year	Year_adj_LK	Month	Day	Sex	Collection_Method	Stage_Class	Mother.Daughter (MX) or PARENT (STX)	DPS/RMU	Management units - based on DNA	rookery-region	haplotype assigned genetic stock	mt_DNA_stockassign_ELL	mt_DNA-haplotype_ELL	notes	Sequencing_source-type	Percent_aligned	Post_dupe_depth_mixed	Post_dupe_depth_2_all_LKGATK_USE	LK decisions May 2024-Mar2025newsamples	Pipeline	Pipeline_2	Population size (MU)	Population Trend - (MU)	Comparison to historic population - MU	group-Lkadj	group_size	group_trend	PCA outliers	Ok notes	LK added OK notes	Exclude-all_GL_ROH_analyses	Include-main GL analyses	Include-main ROH analyses	Include-temporal GL analyses	Include-temporal ROH analysis	Include temporal analysis	Temporal Generation
23	dc_11110	11110	BARRA DE LA CRUZ	Mexico	46	1995	1995	11	28	F	NESTING		NA	E Pacific	Eastern Pacific	Mexico					novo_UMass_Illumina_SR	99.76	17.53	17.53	liklihood and hard called analyses	LK-GATK	LK-GATK	2: 1,001-5,000 nesters	during decline	sig reduced	larger_declining	larger	declining				exclude	exclude if leaving out old samples				include	1
24	dc_11111	11111	BARRA DE LA CRUZ	Mexico	67	1995	1995	2	4	F	NESTING		NA	E Pacific	Eastern Pacific	Mexico					novo_UMass_Illumina_SR	99.41	12.3	12.3	liklihood and hard called analyses	LK-GATK	LK-GATK	2: 1,001-5,000 nesters	during decline	sig reduced	larger_declining	larger	declining				exclude	exclude if leaving out old samples				include	1
25	dc_11112	11112	BARRA DE LA CRUZ	Mexico	69	1995	1995	2	8	F	NESTING		NA	E Pacific	Eastern Pacific	Mexico					novo_UMass_Illumina_SR	99.52	15.1	15.1	liklihood and hard called analyses	LK-GATK	LK-GATK	2: 1,001-5,000 nesters	during decline	sig reduced	larger_declining	larger	declining				exclude	exclude if leaving out old samples				include	1
26	dc_11114	11114	BARRA DE LA CRUZ	Mexico	94	1995	1995	2	9	F	NESTING		NA	E Pacific	Eastern Pacific	Mexico					novo_UMass_Illumina_SR	99.6	29.61	29.61	liklihood and hard called analyses	LK-GATK	LK-GATK	2: 1,001-5,000 nesters	during decline	sig reduced	larger_declining	larger	declining				exclude	exclude if leaving out old samples				include	1
27	dc_11118	11118	BARRA DE LA CRUZ	Mexico	44	1995	1995	11	19	F	NESTING		NA	E Pacific	Eastern Pacific	Mexico					novo_UMass_Illumina_SR	99.05	3.17	3.17	liklihood only analyses -based on 8X threshold	LK-GATK	LK-GATK	2: 1,001-5,000 nesters	during decline	sig reduced	larger_declining	larger	declining		exclude		exclude	exclude if leaving out old samples				exclude	
28	dc_11120	11120	BARRA DE LA CRUZ	Mexico	68	1995	1995	2	6	F	NESTING		NA	E Pacific	Eastern Pacific	Mexico					novo_UMass_Illumina_SR	98.34	15.91	15.91	liklihood and hard called analyses	LK-GATK	LK-GATK	2: 1,001-5,000 nesters	during decline	sig reduced	larger_declining	larger	declining				exclude	exclude if leaving out old samples				include	1
29	dc_11121	11121	BARRA DE LA CRUZ	Mexico	70	1995	1995	2	9	F	NESTING		NA	E Pacific	Eastern Pacific	Mexico					novo_UMass_Illumina_SR	98.31	3.81	3.81	liklihood only analyses -based on 8X threshold	LK-GATK	LK-GATK	2: 1,001-5,000 nesters	during decline	sig reduced	larger_declining	larger	declining		exclude		exclude	exclude if leaving out old samples				exclude	
30	dc_11123	11123	BARRA DE LA CRUZ	Mexico	77	1995	1995	4	2	F	NESTING		NA	E Pacific	Eastern Pacific	Mexico					novo_UMass_Illumina_SR	99.55	15.06	15.06	liklihood and hard called analyses	LK-GATK	LK-GATK	2: 1,001-5,000 nesters	during decline	sig reduced	larger_declining	larger	declining				exclude	exclude if leaving out old samples				include	1
31	dc_11127	11127	BARRA DE LA CRUZ	Mexico	92	1995	1995	2	6	F	NESTING		NA	E Pacific	Eastern Pacific	Mexico					novo_UMass_Illumina_SR	99.4	19.95	19.95	liklihood and hard called analyses	LK-GATK	LK-GATK	2: 1,001-5,000 nesters	during decline	sig reduced	larger_declining	larger	declining				exclude	exclude if leaving out old samples				include	1
32	dc_11130	11130	BARRA DE LA CRUZ	Mexico	17A	1995	1995	11	8	F	NESTING		NA	E Pacific	Eastern Pacific	Mexico					novo_UMass_Illumina_SR	99.45	14.23	14.23	liklihood and hard called analyses	LK-GATK	LK-GATK	2: 1,001-5,000 nesters	during decline	sig reduced	larger_declining	larger	declining				exclude	exclude if leaving out old samples				include	1
33	dc_11132	11132	BARRA DE LA CRUZ	Mexico	18A	1995	1995	11	9	F	NESTING		NA	E Pacific	Eastern Pacific	Mexico					novo_UMass_Illumina_SR	99.51	4.28	4.28	liklihood only analyses -based on 8X threshold	LK-GATK	LK-GATK	2: 1,001-5,000 nesters	during decline	sig reduced	larger_declining	larger	declining		exclude		exclude	exclude if leaving out old samples				exclude	
34	dc_11136	11136	CHACAHUA	Mexico	34	1995	1995	12	3	F	NESTING		NA	E Pacific	Eastern Pacific	Mexico					novo_UMass_Illumina_SR	91.32	0.03	0.03	completely remove from analyses bc very low coverage	LK-GATK	LK-GATK	2: 1,001-5,000 nesters	during decline	sig reduced	larger_declining	larger	declining		exclude		exclude	exclude if leaving out old samples				exclude	
35	dc_11137	11137	CHACAHUA	Mexico	33	1995	1995	12	9	F	NESTING		NA	E Pacific	Eastern Pacific	Mexico					novo_UMass_Illumina_SR	99.62	11.5	11.5	liklihood and hard called analyses	LK-GATK	LK-GATK	2: 1,001-5,000 nesters	during decline	sig reduced	larger_declining	larger	declining				exclude	exclude if leaving out old samples				include	1
36	dc_11139	11139	CHACAHUA	Mexico	66	1995	1995	2	8	F	NESTING		NA	E Pacific	Eastern Pacific	Mexico					novo_UMass_Illumina_SR	99.64	24.71	24.71	liklihood and hard called analyses	LK-GATK	LK-GATK	2: 1,001-5,000 nesters	during decline	sig reduced	larger_declining	larger	declining				exclude	exclude if leaving out old samples				include	1
37	dc_11140	11140	CHACAHUA	Mexico	40	1995	1995	2	2	F	NESTING		NA	E Pacific	Eastern Pacific	Mexico					novo_UMass_Illumina_SR	99.62	4.78	4.78	liklihood only analyses -based on 8X threshold	LK-GATK	LK-GATK	2: 1,001-5,000 nesters	during decline	sig reduced	larger_declining	larger	declining		exclude		exclude	exclude if leaving out old samples				exclude	
38	dc_11149	11149	CHACAHUA	Mexico	42	1995	1995	11	21	F	NESTING		NA	E Pacific	Eastern Pacific	Mexico					novo_UMass_Illumina_SR	99.66	11.04	11.04	liklihood and hard called analyses	LK-GATK	LK-GATK	2: 1,001-5,000 nesters	during decline	sig reduced	larger_declining	larger	declining				exclude	exclude if leaving out old samples				include	1
39	dc_11154	11154	CHACAHUA	Mexico	86	1995	1995	2	2	F	NESTING		NA	E Pacific	Eastern Pacific	Mexico					novo_UMass_Illumina_SR	99.56	6.05	6.05	liklihood and hard called analyses -BUT >6X, lower 8X so exclude on hard called later if weirdo!	LK-GATK	LK-GATK	2: 1,001-5,000 nesters	during decline	sig reduced	larger_declining	larger	declining				exclude	exclude if leaving out old samples				include	1
40	dc_11155	11155	CHACAHUA	Mexico	10A	1995	1995	2	8	F	NESTING		NA	E Pacific	Eastern Pacific	Mexico					novo_UMass_Illumina_SR	99.63	23.11	23.11	liklihood and hard called analyses	LK-GATK	LK-GATK	2: 1,001-5,000 nesters	during decline	sig reduced	larger_declining	larger	declining				exclude	exclude if leaving out old samples				include	1
41	dc_11156	11156	CHACAHUA	Mexico	3*A	1995	1995	2	6	F	NESTING		NA	E Pacific	Eastern Pacific	Mexico					novo_UMass_Illumina_SR	99.57	12.6	12.6	liklihood and hard called analyses	LK-GATK	LK-GATK	2: 1,001-5,000 nesters	during decline	sig reduced	larger_declining	larger	declining				exclude	exclude if leaving out old samples				include	1
136	dc_85811	85811	BARRA DE LA CRUZ	Mexico	69	1995	1995	2	8	F	NESTING		NA	E Pacific	Eastern Pacific	Mexico					novo_UMass_Illumina_SR	99.43	16.54	16.54	liklihood and hard called analyses	LK-GATK	LK-GATK	2: 1,001-5,000 nesters	during decline	sig reduced	larger_declining	larger	declining				exclude	exclude if leaving out old samples				include	1
143	dc_90166	90166	BARRA DE LA CRUZ	Mexico	89	1995	1995	2	4	F	NESTING		NA	E Pacific	Eastern Pacific	Mexico					novo_UMass_Illumina_SR	99.66	15.27	15.27	liklihood and hard called analyses	LK-GATK	LK-GATK	2: 1,001-5,000 nesters	during decline	sig reduced	larger_declining	larger	declining				exclude	exclude if leaving out old samples				include	1
1	dc_100028	100028	BARRA DE LA CRUZ	Mexico	gl820/152306087A	2016	2016	12	17	F	NESTING	adult	3	E Pacific	Eastern Pacific	Mexico					novo_UMass_Illumina_SR	99.41	14.38	14.38	liklihood and hard called analyses	LK-GATK	LK-GATK	2.5: 101-1000 nesters	post-decline	sig reduced	small_stable	small	stable					flag if include hatchlings-has one offspring in set			include but note has one offspring in set	include	2
2	dc_100029	100029	BARRA DE LA CRUZ	Mexico	gd296/151959785A	2016	2016	12	18	F	NESTING	adult	1	E Pacific	Eastern Pacific	Mexico					novo_UMass_Illumina_SR	99.63	10.91	10.91	liklihood and hard called analyses	LK-GATK	LK-GATK	2.5: 101-1000 nesters	post-decline	sig reduced	small_stable	small	stable					flag if include hatchlings-has one offspring in set			include but note has one offspring in set	include	2
3	dc_100030	100030	BARRA DE LA CRUZ	Mexico	gl814/152305592A	2016	2016	12	19	F	NESTING	adult	4	E Pacific	Eastern Pacific	Mexico					novo_UMass_Illumina_SR	99.62	16.44	16.44	liklihood and hard called analyses	LK-GATK	LK-GATK	2.5: 101-1000 nesters	post-decline	sig reduced	small_stable	small	stable					flag if include hatchlings-has one offspring in set			include but note has one offspring in set	include	2
4	dc_100031	100031	BARRA DE LA CRUZ	Mexico	gl822/gl839/4041591271	2016	2016	12	19	F	NESTING	adult	5	E Pacific	Eastern Pacific	Mexico					novo_UMass_Illumina_SR	99.61	17.5	17.5	liklihood and hard called analyses	LK-GATK	LK-GATK	2.5: 101-1000 nesters	post-decline	sig reduced	small_stable	small	stable					flag if include hatchlings-has one offspring in set			include but note has one offspring in set	include	2
5	dc_100032	100032	BARRA DE LA CRUZ	Mexico	gl801/043290045	2016	2016	12	20	F	NESTING	adult	6	E Pacific	Eastern Pacific	Mexico					novo_UMass_Illumina_SR	99.44	14.81	14.81	liklihood and hard called analyses	LK-GATK	LK-GATK	2.5: 101-1000 nesters	post-decline	sig reduced	small_stable	small	stable					flag if include hatchlings-has one offspring in set			include but note has one offspring in set	include	2
6	dc_100033	100033	BARRA DE LA CRUZ	Mexico	gl802/151963506A	2016	2016	12	21	F	NESTING	adult	NA	E Pacific	Eastern Pacific	Mexico					novo_UMass_Illumina_SR	99.68	18.86	18.86	liklihood and hard called analyses	LK-GATK	LK-GATK	2.5: 101-1000 nesters	post-decline	sig reduced	small_stable	small	stable									include	2
7	dc_100034	100034	BARRA DE LA CRUZ	Mexico	gl805/152277686A	2016	2016	12	21	F	NESTING	adult	NA	E Pacific	Eastern Pacific	Mexico					novo_UMass_Illumina_SR	99.59	17.57	17.57	liklihood and hard called analyses	LK-GATK	LK-GATK	2.5: 101-1000 nesters	post-decline	sig reduced	small_stable	small	stable									include	2
8	dc_100035	100035	BARRA DE LA CRUZ	Mexico	gl810/043284262	2016	2016	12	25	F	NESTING	adult	NA	E Pacific	Eastern Pacific	Mexico					novo_UMass_Illumina_SR	99.67	18.04	18.04	liklihood and hard called analyses	LK-GATK	LK-GATK	2.5: 101-1000 nesters	post-decline	sig reduced	small_stable	small	stable									include	2
157	dc_99930	99930	BARRA DE LA CRUZ	Mexico	gl816/152306240A	2016	2016	12	22	F	NESTING	adult	NA	E Pacific	Eastern Pacific	Mexico					novo_UMass_Illumina_SR	99.47	16.38	16.38	liklihood and hard called analyses	LK-GATK	LK-GATK	2.5: 101-1000 nesters	post-decline	sig reduced	small_stable	small	stable									include	2
158	dc_99931	99931	BARRA DE LA CRUZ	Mexico	gl807/152306771A	2016	2016	12	24	F	NESTING	adult	NA	E Pacific	Eastern Pacific	Mexico					novo_UMass_Illumina_SR	99.55	11.27	11.27	liklihood and hard called analyses	LK-GATK	LK-GATK	2.5: 101-1000 nesters	post-decline	sig reduced	small_stable	small	stable									include	2
159	dc_99943	99943	BARRA DE LA CRUZ	Mexico	gl829/152306464A	2016	2016	12	30	F	NESTING	adult	NA	E Pacific	Eastern Pacific	Mexico					novo_UMass_Illumina_SR	99.15	4.28	4.28	liklihood only analyses -based on 8X threshold	LK-GATK	LK-GATK	2.5: 101-1000 nesters	post-decline	sig reduced	small_stable	small	stable		exclude		exclude					exclude	
160	dc_99945	99945	BARRA DE LA CRUZ	Mexico	gl830/152306500A	2016	2016	12	31	F	NESTING	adult	NA	E Pacific	Eastern Pacific	Mexico					novo_UMass_Illumina_SR	99.55	11.82	11.82	liklihood and hard called analyses	LK-GATK	LK-GATK	2.5: 101-1000 nesters	post-decline	sig reduced	small_stable	small	stable									include	2
161	dc_99946	99946	BARRA DE LA CRUZ	Mexico	gl831/152306735A	2016	2016	12	31	F	NESTING	adult	NA	E Pacific	Eastern Pacific	Mexico					novo_UMass_Illumina_SR	99.54	8.42	8.42	liklihood and hard called analyses	LK-GATK	LK-GATK	2.5: 101-1000 nesters	post-decline	sig reduced	small_stable	small	stable									include	2
162	dc_99947	99947	BARRA DE LA CRUZ	Mexico	gl815/151541222A	2016	2016	12	31	F	NESTING	adult	NA	E Pacific	Eastern Pacific	Mexico					novo_UMass_Illumina_SR	99.58	15.99	15.99	liklihood and hard called analyses	LK-GATK	LK-GATK	2.5: 101-1000 nesters	post-decline	sig reduced	small_stable	small	stable									include	2
9	dc_100506	100506	BARRA DE LA CRUZ	Mexico	MEX11262016.8.13	2017	2017	1	29	U	NESTING	hatchling	NA	E Pacific	Eastern Pacific	Mexico					novo_UMass_Illumina_SR	99.61	12.85	12.85	liklihood and hard called analyses	LK-GATK	LK-GATK	2.5: 101-1000 nesters	post-decline	sig reduced	small_stable	small	stable	PCA outlier	exclude		exclude	hatchling-maybe exclude? or flag if different from females at this time				exclude	
10	dc_100519	100519	BARRA DE LA CRUZ	Mexico	MEX12152016.43.3	2017	2017	2	15	U	NESTING	hatchling	NA	E Pacific	Eastern Pacific	Mexico					novo_UMass_Illumina_SR	99.57	7.62	7.62	liklihood and hard called analyses -BUT >6X, lower 8X so exclude on hard called later if weirdo!	LK-GATK	LK-GATK	2.5: 101-1000 nesters	post-decline	sig reduced	small_stable	small	stable	PCA outlier	exclude		exclude	hatchling-maybe exclude? or flag if different from females at this time				exclude	
11	dc_100829	100829	BARRA DE LA CRUZ	Mexico	MEX01262017.150.14	2017	2017	3	25	U	NESTING	hatchling	NA	E Pacific	Eastern Pacific	Mexico					novo_UMass_Illumina_SR	99.57	13.37	13.37	liklihood and hard called analyses	LK-GATK	LK-GATK	2.5: 101-1000 nesters	post-decline	sig reduced	small_stable	small	stable					hatchling-maybe exclude? or flag if different from females at this time				include	3
12	dc_100871	100871	BARRA DE LA CRUZ	Mexico	MEX02012017.164.10	2017	2017	3	31	U	NESTING	hatchling	NA	E Pacific	Eastern Pacific	Mexico					novo_UMass_Illumina_SR	99.54	6.31	6.31	liklihood and hard called analyses -BUT >6X, lower 8X so exclude on hard called later if weirdo!	LK-GATK	LK-GATK	2.5: 101-1000 nesters	post-decline	sig reduced	small_stable	small	stable	PCA outlier	exclude		exclude	hatchling-maybe exclude? or flag if different from females at this time				exclude	
13	dc_101220	101220	BARRA DE LA CRUZ	Mexico	MEX12282016.63.24	2017	2017	2	24	U	NESTING	hatchling	NA	E Pacific	Eastern Pacific	Mexico					novo_UMass_Illumina_SR	99.62	13.61	13.61	liklihood and hard called analyses	LK-GATK	LK-GATK	2.5: 101-1000 nesters	post-decline	sig reduced	small_stable	small	stable					hatchling-maybe exclude? or flag if different from females at this time				include	3
152	dc_99199	99199	BARRA DE LA CRUZ	Mexico	MEX12172016.50.1	2017	2017	2	21	U	NESTING	hatchling	3	E Pacific	Eastern Pacific	Mexico					novo_UMass_Illumina_SR	99.39	15.45	15.45	liklihood and hard called analyses	LK-GATK	LK-GATK	2.5: 101-1000 nesters	post-decline	sig reduced	small_stable	small	stable					hatchling-maybe exclude? or flag if different from females at this time			include but note has one parent in set	include	3
153	dc_99223	99223	BARRA DE LA CRUZ	Mexico	MEX1282016.35.2	2017	2017	2	15	U	NESTING	hatchling	1	E Pacific	Eastern Pacific	Mexico					novo_UMass_Illumina_SR	99.26	10.42	10.42	liklihood and hard called analyses	LK-GATK	LK-GATK	2.5: 101-1000 nesters	post-decline	sig reduced	small_stable	small	stable					hatchling-maybe exclude? or flag if different from females at this time			include but note has one parent in set	include	3
154	dc_99247	99247	BARRA DE LA CRUZ	Mexico	MEX1272016.31.3	2017	2017	2	11	U	NESTING	hatchling	4	E Pacific	Eastern Pacific	Mexico					novo_UMass_Illumina_SR	99.54	11.96	11.96	liklihood and hard called analyses	LK-GATK	LK-GATK	2.5: 101-1000 nesters	post-decline	sig reduced	small_stable	small	stable					hatchling-maybe exclude? or flag if different from females at this time			include but note has one parent in set	include	3
155	dc_99275	99275	BARRA DE LA CRUZ	Mexico	MEX12192016.56.3	2017	2017	2	25	U	NESTING	hatchling	5	E Pacific	Eastern Pacific	Mexico					novo_UMass_Illumina_SR	99.73	17.62	17.62	liklihood and hard called analyses	LK-GATK	LK-GATK	2.5: 101-1000 nesters	post-decline	sig reduced	small_stable	small	stable					hatchling-maybe exclude? or flag if different from females at this time			include but note has one parent in set	include	3
156	dc_99315	99315	BARRA DE LA CRUZ	Mexico	MEX11292016.14.20	2017	2017	1	29	U	NESTING	hatchling	6	E Pacific	Eastern Pacific	Mexico					novo_UMass_Illumina_SR	99.63	12.08	12.08	liklihood and hard called analyses	LK-GATK	LK-GATK	2.5: 101-1000 nesters	post-decline	sig reduced	small_stable	small	stable					hatchling-maybe exclude? or flag if different from females at this time			include but note has one parent in set	include	3
163	dc_99948	99948	BARRA DE LA CRUZ	Mexico	gl812/152303295A	2017	2017	1	1	F	NESTING	adult	NA	E Pacific	Eastern Pacific	Mexico					novo_UMass_Illumina_SR	99.68	21.94	21.94	liklihood and hard called analyses	LK-GATK	LK-GATK	2.5: 101-1000 nesters	post-decline	sig reduced	small_stable	small	stable									include	2
164	dc_99949	99949	BARRA DE LA CRUZ	Mexico	gl833/152307063A	2017	2017	1	4	F	NESTING	adult	NA	E Pacific	Eastern Pacific	Mexico					novo_UMass_Illumina_SR	99.64	18.98	18.98	liklihood and hard called analyses	LK-GATK	LK-GATK	2.5: 101-1000 nesters	post-decline	sig reduced	small_stable	small	stable									include	2
165	dc_99950	99950	BARRA DE LA CRUZ	Mexico	gd292/gl824/151961745A	2017	2017	1	6	F	NESTING	adult	NA	E Pacific	Eastern Pacific	Mexico					novo_UMass_Illumina_SR	99.35	13.02	13.02	liklihood and hard called analyses	LK-GATK	LK-GATK	2.5: 101-1000 nesters	post-decline	sig reduced	small_stable	small	stable									include	2
166	dc_99951	99951	BARRA DE LA CRUZ	Mexico	gl813/152307147A	2017	2017	1	7	F	NESTING	adult	NA	E Pacific	Eastern Pacific	Mexico					novo_UMass_Illumina_SR	99.47	8.33	8.33	liklihood and hard called analyses	LK-GATK	LK-GATK	2.5: 101-1000 nesters	post-decline	sig reduced	small_stable	small	stable									include	2
42	dc_11171	11171	MEXIQUILLO	Mexico	47	NA	1995	NA	NA	F	NESTING		NA	E Pacific	Eastern Pacific	Mexico					novo_UMass_Illumina_SR	99.68	19.27	19.27	liklihood and hard called analyses	LK-GATK	LK-GATK	2: 1,001-5,000 nesters	during decline	sig reduced	larger_declining	larger	declining				exclude	exclude if leaving out old samples				include	1
43	dc_11173	11173	MEXIQUILLO	Mexico	53	NA	1995	NA	NA	F	NESTING		NA	E Pacific	Eastern Pacific	Mexico					novo_UMass_Illumina_SR	98.27	0.22	0.22	completely remove from analyses bc very low coverage	LK-GATK	LK-GATK	2: 1,001-5,000 nesters	during decline	sig reduced	larger_declining	larger	declining				exclude	exclude if leaving out old samples				exclude	
44	dc_11182	11182	MEXIQUILLO	Mexico	2	NA	1995	NA	NA	F	NESTING		NA	E Pacific	Eastern Pacific	Mexico					novo_UMass_Illumina_SR	99.71	13.06	13.06	liklihood and hard called analyses	LK-GATK	LK-GATK	2: 1,001-5,000 nesters	during decline	sig reduced	larger_declining	larger	declining	PCA outlier	exclude		exclude	exclude if leaving out old samples				exclude	
45	dc_11183	11183	MEXIQUILLO	Mexico	49	NA	1995	NA	NA	F	NESTING		NA	E Pacific	Eastern Pacific	Mexico					novo_UMass_Illumina_SR	98.24	0.03	0.03	completely remove from analyses bc very low coverage	LK-GATK	LK-GATK	2: 1,001-5,000 nesters	during decline	sig reduced	larger_declining	larger	declining				exclude	exclude if leaving out old samples				exclude	
46	dc_11185	11185	MEXIQUILLO	Mexico	59	NA	1995	NA	NA	F	NESTING		NA	E Pacific	Eastern Pacific	Mexico					novo_UMass_Illumina_SR	99.74	18.14	18.14	liklihood and hard called analyses	LK-GATK	LK-GATK	2: 1,001-5,000 nesters	during decline	sig reduced	larger_declining	larger	declining				exclude	exclude if leaving out old samples				include	1
167	Z005878	5878	PLAYA GRANDE	COSTA RICA		1994	1994						NA	E Pacific	Eastern Pacific	Pacific Costa Rica	Eastern Pacific	Epac	Dc11.1		novo42_Illumina_SR	99.7	7.01919	6.22	liklihood and hard called analyses -BUT >6X, lower 8X so exclude on hard called later if weirdo!	SNPARCHER	LK-GATK	2: 1,001-5,000 nesters	during decline	sig reduced	larger_declining	larger	declining				exclude	exclude				include	1
168	Z005882	5882	PLAYA GRANDE	COSTA RICA		1994	1994						NA	E Pacific	Eastern Pacific	Pacific Costa Rica	Eastern Pacific	Epac	Dc12.1		novo42_Illumina_SR	99.76	8.50805	10.18	liklihood and hard called analyses	SNPARCHER	LK-GATK	2: 1,001-5,000 nesters	during decline	sig reduced	larger_declining	larger	declining				exclude	exclude				include	1
169	Z005883	5883	PLAYA GRANDE	COSTA RICA		1994	1994						NA	E Pacific	Eastern Pacific	Pacific Costa Rica	Eastern Pacific	Epac	Dc7.1		novo42_Illumina_SR	99.77	8.87849	10.91	liklihood and hard called analyses	SNPARCHER	LK-GATK	2: 1,001-5,000 nesters	during decline	sig reduced	larger_declining	larger	declining				exclude	exclude				include	1
170	Z005886	5886	PLAYA GRANDE	COSTA RICA		1994	1994						NA	E Pacific	Eastern Pacific	Pacific Costa Rica	Eastern Pacific	found in both wpac and epac	Dc4.1		novo42_Illumina_SR	99.74	8.64315	9.92	liklihood and hard called analyses	SNPARCHER	LK-GATK	2: 1,001-5,000 nesters	during decline	sig reduced	larger_declining	larger	declining				exclude	exclude				include	1
171	Z005890	5890	PLAYA GRANDE	COSTA RICA		1994	1994						NA	E Pacific	Eastern Pacific	Pacific Costa Rica	Eastern Pacific	Epac	Dc12.1		novo42_Illumina_SR	99.71	9.50379	10.99	liklihood and hard called analyses	SNPARCHER	LK-GATK	2: 1,001-5,000 nesters	during decline	sig reduced	larger_declining	larger	declining				exclude	exclude				include	1
172	Z005891	5891	PLAYA GRANDE	COSTA RICA		1994	1994						NA	E Pacific	Eastern Pacific	Pacific Costa Rica	Eastern Pacific	Epac	Dc12.1		novo42_Illumina_SR	99.74	8.52729	9.41	liklihood and hard called analyses	SNPARCHER	LK-GATK	2: 1,001-5,000 nesters	during decline	sig reduced	larger_declining	larger	declining				exclude	exclude				include	1
173	Z005892	5892	PLAYA GRANDE	COSTA RICA		1994	1994						NA	E Pacific	Eastern Pacific	Pacific Costa Rica	Eastern Pacific	found in both wpac and epac	Dc4.1		novo42_Illumina_SR	99.75	9.21892	10.03	liklihood and hard called analyses	SNPARCHER	LK-GATK	2: 1,001-5,000 nesters	during decline	sig reduced	larger_declining	larger	declining				exclude	exclude				include	1
174	Z005896	5896	PLAYA GRANDE	COSTA RICA		1994	1994						NA	E Pacific	Eastern Pacific	Pacific Costa Rica	Eastern Pacific	found in both wpac and epac	Dc4.1		novo42_Illumina_SR	99.71	8.1311	9.68	liklihood and hard called analyses	SNPARCHER	LK-GATK	2: 1,001-5,000 nesters	during decline	sig reduced	larger_declining	larger	declining				exclude	exclude				include	1
175	Z026877	26877	PLAYA LANGOSTA	COSTA RICA		2002	2002							E Pacific	Eastern Pacific	Pacific Costa Rica	Eastern Pacific	found in both wpac and epac	Dc8.1		novo42_Illumina_SR	99.79	6.66437	8.02	liklihood and hard called analyses	SNPARCHER	LK-GATK	2.5: 101-1000 nesters	during decline	sig reduced	small_declining	small	declining									include	1
176	Z014523	14523	ST CROIX	USVI										na	na	na	na	WPac	Dc1	this sample should be excluded, genetics are showing it as WPac, likely sample mixup; AAR582	novo42_Illumina_SR	99.77	10.5225	13.03	liklihood and hard called analyses	SNPARCHER	LK-GATK	na	na	na	na			this sample should be excluded, genetics are showing it as WPac, likely sample mixup; AAR582	exclude		exclude					exclude	
55	dc_14558	14558		Malaysia	DC36	NA	1999	NA	NA				NA	NE Indian	Indo-Western Pacific	Malaysia					novo_UMass_Illumina_SR	99.76	25.04	25.04	liklihood and hard called analyses	LK-GATK	LK-GATK	3: <100 nesters	post-decline	sig reduced	small_declining	small	declining									exclude	
56	dc_14559	14559		Malaysia	DC37	NA	1999	NA	NA				NA	NE Indian	Indo-Western Pacific	Malaysia					novo_UMass_Illumina_SR	99.42	15.44	15.44	liklihood and hard called analyses	LK-GATK	LK-GATK	3: <100 nesters	post-decline	sig reduced	small_declining	small	declining									exclude	
57	dc_14560	14560		Malaysia	DC38	NA	1999	NA	NA				NA	NE Indian	Indo-Western Pacific	Malaysia					novo_UMass_Illumina_SR	99.53	12.31	12.31	liklihood and hard called analyses	LK-GATK	LK-GATK	3: <100 nesters	post-decline	sig reduced	small_declining	small	declining									exclude	
58	dc_14561	14561		Malaysia	DC39	NA	1999	NA	NA				NA	NE Indian	Indo-Western Pacific	Malaysia					novo_UMass_Illumina_SR	99.61	12.03	12.03	liklihood and hard called analyses	LK-GATK	LK-GATK	3: <100 nesters	post-decline	sig reduced	small_declining		declining									exclude	
59	dc_14562	14562		Malaysia	DC40	NA	1999	NA	NA				NA	NE Indian	Indo-Western Pacific	Malaysia					novo_UMass_Illumina_SR	99.74	4.6	4.6	liklihood only analyses -based on 8X threshold	LK-GATK	LK-GATK	3: <100 nesters	post-decline	sig reduced	small_declining	small	declining		exclude		exclude					exclude	
60	dc_14563	14563		Malaysia	DC41	NA	1999	NA	NA				NA	NE Indian	Indo-Western Pacific	Malaysia					novo_UMass_Illumina_SR	99.74	16.2	16.2	liklihood and hard called analyses	LK-GATK	LK-GATK	3: <100 nesters	post-decline	sig reduced	small_declining	small	declining									exclude	
61	dc_14564	14564		Malaysia	DC42	NA	1999	NA	NA				NA	NE Indian	Indo-Western Pacific	Malaysia					novo_UMass_Illumina_SR	99.71	7.84	7.84	liklihood and hard called analyses -BUT >6X, lower 8X so exclude on hard called later if weirdo!	LK-GATK	LK-GATK	3: <100 nesters	post-decline	sig reduced	small_declining	small	declining									exclude	
209	Z14365	14395	USVI	USA		1992	1992			female		adult		NW Atlantic	Northeast Caribbean	Virgin Islands	Saint Croix			ID corrected from 14365, see notes. note also from Peter that this is the 'grandma', and she was first tagged in the 1980's but this sample was taken in 1992	LR-getinfofromJH	97.15	11.01	12.13	liklihood and hard called analyses	SNPARCHER	LK-GATK	2.5: 101-1000 nesters	during recovery	similar	small_recovering	small	recovering			ID corrected from 14365, see notes. note also from Peter that this is the 'grandma', and she was first tagged in the 1980's but this sample was taken in 1992		exclude if need to remove 'grandma' for relatedness				include	1
19	dc_109781	109781	SANDY POINT NWR	Virgin_Islands	AAG417	1997	1997	3	24				NA	NW Atlantic	Northeast Caribbean	Virgin Islands					novo_UMass_Illumina_SR	99.66	14.31	14.31	liklihood and hard called analyses	LK-GATK	LK-GATK	2.5: 101-1000 nesters	during recovery	similar	small_recovering	small	recovering									include	1
17	dc_109779	109779	SANDY POINT NWR	Virgin_Islands	AAQ935	1998	1998	4	18				NA	NW Atlantic	Northeast Caribbean	Virgin Islands					novo_UMass_Illumina_SR	99.5	12.9	12.9	liklihood and hard called analyses	LK-GATK	LK-GATK	2.5: 101-1000 nesters	during recovery	similar	small_recovering	small	recovering									include	1
18	dc_109780	109780	SANDY POINT NWR	Virgin_Islands	26291256	1998	1998	4	13				NA	NW Atlantic	Northeast Caribbean	Virgin Islands					novo_UMass_Illumina_SR	99.29	11.83	11.83	liklihood and hard called analyses	LK-GATK	LK-GATK	2.5: 101-1000 nesters	during recovery	similar	small_recovering	small	recovering									include	1
210	Z23560	23560	USVI	USA		2000	2000			female		adult		NW Atlantic	Northeast Caribbean	Virgin Islands	Saint Croix				LR-getinfofromJH	99.65	12.5763	13.77	liklihood and hard called analyses	SNPARCHER	LK-GATK	2.5: 101-1000 nesters	during recovery	similar	small_recovering	small	recovering									include	1
219	Z24210	24210	USVI	USA		2000	2000			female		adult	14395	NW Atlantic	Northeast Caribbean	Virgin Islands	Saint Croix				LR-getinfofromJH	99.7	12.8501	14.11	liklihood and hard called analyses	SNPARCHER	LK-GATK	2.5: 101-1000 nesters	during recovery	similar	small_recovering	small	recovering					daughter of 14395, if need to exclude 1 of them for relatedness				include	1
20	dc_109793	109793	SANDY POINT NWR	Virgin_Islands	AAR591	2005	2005	5	6				NA	NW Atlantic	Northeast Caribbean	Virgin Islands					novo_UMass_Illumina_SR	99.65	11.57	11.57	liklihood and hard called analyses	LK-GATK	LK-GATK	2.5: 101-1000 nesters	stable post-recovery	similar	small_stable	small	stable									include	2
228	Z88837	88837	USVI	USA		2005	2005			female		adult		NW Atlantic	Northeast Caribbean	Virgin Islands	Saint Croix				LR-getinfofromJH	99.68	29.4261	32.43	liklihood and hard called analyses	SNPARCHER	LK-GATK	2.5: 101-1000 nesters	stable post-recovery	similar	small_stable	small	stable									include	2
21	dc_109803	109803	SANDY POINT NWR	Virgin_Islands	AAG906	2006	2006	4	16				NA	NW Atlantic	Northeast Caribbean	Virgin Islands					novo_UMass_Illumina_SR	99.64	15.79	15.79	liklihood and hard called analyses	LK-GATK	LK-GATK	2.5: 101-1000 nesters	stable post-recovery	similar	small_stable	small	stable									include	2
22	dc_109873	109873	SANDY POINT NWR	Virgin_Islands	AAC270	2008	2008	5	11				NA	NW Atlantic	Northeast Caribbean	Virgin Islands					novo_UMass_Illumina_SR	99.81	26.91	26.91	liklihood and hard called analyses	LK-GATK	LK-GATK	2.5: 101-1000 nesters	stable post-recovery	similar	small_stable	small	stable									include	2
14	dc_101502	101502	SANDY POINT BEACH	Virgin_Islands	YYX009	2009	2009	4	2				NA	NW Atlantic	Northeast Caribbean	Virgin Islands					novo_UMass_Illumina_SR	99.79	27.31	27.31	liklihood and hard called analyses	LK-GATK	LK-GATK	2.5: 101-1000 nesters	stable post-recovery	similar	small_stable	small	stable									include	2
15	dc_101533	101533	SANDY POINT BEACH	Virgin_Islands	YYX129	2009	2009	6	5				NA	NW Atlantic	Northeast Caribbean	Virgin Islands					novo_UMass_Illumina_SR	99.56	14.85	14.85	liklihood and hard called analyses	LK-GATK	LK-GATK	2.5: 101-1000 nesters	stable post-recovery	similar	small_stable	small	stable									include	2
16	dc_101540	101540	SANDY POINT BEACH	Virgin_Islands	YYX181	2009	2009	6	9				NA	NW Atlantic	Northeast Caribbean	Virgin Islands					novo_UMass_Illumina_SR	99.64	13.22	13.22	liklihood and hard called analyses	LK-GATK	LK-GATK	2.5: 101-1000 nesters	stable post-recovery	similar	small_stable	small	stable									include	2
229	Z85952	85952	USVI	USA		2009	2009			offspring		hatchling	88837	NW Atlantic	Northeast Caribbean	Virgin Islands	Saint Croix				LR-getinfofromJH	99.67	12.1179	13.17	liklihood and hard called analyses	SNPARCHER	LK-GATK	2.5: 101-1000 nesters	stable post-recovery	similar	small_stable	small	stable				exclude	hatchling-remove if not including any of these in main analyses		pick just 1-2 to include from this set of offspring mom 88837		include	3
230	Z85953	85953	USVI	USA		2009	2009			offspring		hatchling	88837	NW Atlantic	Northeast Caribbean	Virgin Islands	Saint Croix				LR-getinfofromJH	99.64	11.7229	12.79	liklihood and hard called analyses	SNPARCHER	LK-GATK	2.5: 101-1000 nesters	stable post-recovery	similar	small_stable	small	stable				exclude	hatchling-remove if not including any of these in main analyses		pick just 1-2 to include from this set of offspring mom 88837		include	3
231	Z85954	85954	USVI	USA		2009	2009			offspring		hatchling	88837	NW Atlantic	Northeast Caribbean	Virgin Islands	Saint Croix				LR-getinfofromJH	99.46	7.90829	8.58	liklihood and hard called analyses	SNPARCHER	LK-GATK	2.5: 101-1000 nesters	stable post-recovery	similar	small_stable	small	stable				exclude	hatchling-remove if not including any of these in main analyses		pick just 1-2 to include from this set of offspring mom 88837		include	3
232	Z85955	85955	USVI	USA		2009	2009			offspring		hatchling	88837	NW Atlantic	Northeast Caribbean	Virgin Islands	Saint Croix				LR-getinfofromJH	99.6	12.9014	14	liklihood and hard called analyses	SNPARCHER	LK-GATK	2.5: 101-1000 nesters	stable post-recovery	similar	small_stable	small	stable				exclude	hatchling-remove if not including any of these in main analyses		pick just 1-2 to include from this set of offspring mom 88837		include	3
233	Z85956	85956	USVI	USA		2009	2009			offspring		hatchling	88837	NW Atlantic	Northeast Caribbean	Virgin Islands	Saint Croix				LR-getinfofromJH	99.66	10.2606	11.19	liklihood and hard called analyses	SNPARCHER	LK-GATK	2.5: 101-1000 nesters	stable post-recovery	similar	small_stable	small	stable				exclude	hatchling-remove if not including any of these in main analyses		pick just 1-2 to include from this set of offspring mom 88837		include	3
234	Z85960	85960	USVI	USA		2009	2009			offspring		hatchling	88837	NW Atlantic	Northeast Caribbean	Virgin Islands	Saint Croix				LR-getinfofromJH	99.5	14.2366	15.41	liklihood and hard called analyses	SNPARCHER	LK-GATK	2.5: 101-1000 nesters	stable post-recovery	similar	small_stable	small	stable				exclude	hatchling-remove if not including any of these in main analyses		pick just 1-2 to include from this set of offspring mom 88837		include	3
235	Z85961	85961	USVI	USA		2009	2009			offspring		hatchling	88837	NW Atlantic	Northeast Caribbean	Virgin Islands	Saint Croix				LR-getinfofromJH	99.57	13.337	14.53	liklihood and hard called analyses	SNPARCHER	LK-GATK	2.5: 101-1000 nesters	stable post-recovery	similar	small_stable	small	stable					hatchling-remove if not including any of these in main analyses		pick just 1-2 to include from this set of offspring mom 88837		include	3
236	Z86024	86024	USVI	USA		2009	2009			offspring		hatchling	88837	NW Atlantic	Northeast Caribbean	Virgin Islands	Saint Croix				LR-getinfofromJH	99.54	12.4722	13.62	liklihood and hard called analyses	SNPARCHER	LK-GATK	2.5: 101-1000 nesters	stable post-recovery	similar	small_stable	small	stable					hatchling-remove if not including any of these in main analyses		pick just 1-2 to include from this set of offspring mom 88837		include	3
211	Z96540	96540	USVI	USA		2010	2010			offspring		hatchling	23560	NW Atlantic	Northeast Caribbean	Virgin Islands	Saint Croix				LR-getinfofromJH	99.55	14.9417	15.77	liklihood and hard called analyses	SNPARCHER	LK-GATK	2.5: 101-1000 nesters	stable post-recovery	similar	small_stable	small	stable				exclude	hatchling-remove if not including any of these in main analyses		pick just 1-2 to include from this set of offspring mom 23560		include	3
212	Z96541	96541	USVI	USA		2010	2010			offspring		hatchling	23560	NW Atlantic	Northeast Caribbean	Virgin Islands	Saint Croix				LR-getinfofromJH	99.41	12.4519	13.25	liklihood and hard called analyses	SNPARCHER	LK-GATK	2.5: 101-1000 nesters	stable post-recovery	similar	small_stable	small	stable				exclude	hatchling-remove if not including any of these in main analyses		pick just 1-2 to include from this set of offspring mom 23560		include	3
213	Z96542	96542	USVI	USA		2010	2010			offspring		hatchling	23560	NW Atlantic	Northeast Caribbean	Virgin Islands	Saint Croix				LR-getinfofromJH	99.59	12.5291	13.07	liklihood and hard called analyses	SNPARCHER	LK-GATK	2.5: 101-1000 nesters	stable post-recovery	similar	small_stable	small	stable				exclude	hatchling-remove if not including any of these in main analyses		pick just 1-2 to include from this set of offspring mom 23560		include	3
214	Z96543	96543	USVI	USA		2010	2010			offspring		hatchling	23560	NW Atlantic	Northeast Caribbean	Virgin Islands	Saint Croix				LR-getinfofromJH	99.21	14.003	14.53	liklihood and hard called analyses	SNPARCHER	LK-GATK	2.5: 101-1000 nesters	stable post-recovery	similar	small_stable	small	stable				exclude	hatchling-remove if not including any of these in main analyses		pick just 1-2 to include from this set of offspring mom 23560		include	3
215	Z96544	96544	USVI	USA		2010	2010			offspring		hatchling	23560	NW Atlantic	Northeast Caribbean	Virgin Islands	Saint Croix				LR-getinfofromJH	99.41	12.0128	12.73	liklihood and hard called analyses	SNPARCHER	LK-GATK	2.5: 101-1000 nesters	stable post-recovery	similar	small_stable	small	stable				exclude	hatchling-remove if not including any of these in main analyses		pick just 1-2 to include from this set of offspring mom 23560		include	3
216	Z96545	96545	USVI	USA		2010	2010			offspring		hatchling	23560	NW Atlantic	Northeast Caribbean	Virgin Islands	Saint Croix				LR-getinfofromJH	99.26	12.2225	12.94	liklihood and hard called analyses	SNPARCHER	LK-GATK	2.5: 101-1000 nesters	stable post-recovery	similar	small_stable	small	stable				exclude	hatchling-remove if not including any of these in main analyses		pick just 1-2 to include from this set of offspring mom 23560		include	3
217	Z96546	96546	USVI	USA		2010	2010			offspring		hatchling	23560	NW Atlantic	Northeast Caribbean	Virgin Islands	Saint Croix				LR-getinfofromJH	99.31	17.0308	18.03	liklihood and hard called analyses	SNPARCHER	LK-GATK	2.5: 101-1000 nesters	stable post-recovery	similar	small_stable	small	stable					hatchling-remove if not including any of these in main analyses		pick just 1-2 to include from this set of offspring mom 23560		include	3
218	Z96547	96547	USVI	USA		2010	2010			offspring		hatchling	23560	NW Atlantic	Northeast Caribbean	Virgin Islands	Saint Croix				LR-getinfofromJH	99.26	13.3116	14.27	liklihood and hard called analyses	SNPARCHER	LK-GATK	2.5: 101-1000 nesters	stable post-recovery	similar	small_stable	small	stable					hatchling-remove if not including any of these in main analyses		pick just 1-2 to include from this set of offspring mom 23560		include	3
220	Z92649	96249	USVI	USA		2010	2010			offspring		hatchling	24210	NW Atlantic	Northeast Caribbean	Virgin Islands	Saint Croix			ID corrected from 92649, see notes	LR-getinfofromJH	96.15	11.8	12.41	liklihood and hard called analyses	SNPARCHER	LK-GATK	2.5: 101-1000 nesters	stable post-recovery	similar	small_stable	small	stable			ID corrected from 92649, see notes		hatchling-remove if not including any of these in main analyses		pick just 1-2 to include from this set of offspring mom 24210		include	3
221	Z96239	96239	USVI	USA		2010	2010			offspring		hatchling	24210	NW Atlantic	Northeast Caribbean	Virgin Islands	Saint Croix				LR-getinfofromJH	98.9	13.0468	13.83	liklihood and hard called analyses	SNPARCHER	LK-GATK	2.5: 101-1000 nesters	stable post-recovery	similar	small_stable	small	stable				exclude	hatchling-remove if not including any of these in main analyses		pick just 1-2 to include from this set of offspring mom 24210		include	3
222	Z96240	96240	USVI	USA		2010	2010			offspring		hatchling	24210	NW Atlantic	Northeast Caribbean	Virgin Islands	Saint Croix				LR-getinfofromJH	98.83	11.4281	12.16	liklihood and hard called analyses	SNPARCHER	LK-GATK	2.5: 101-1000 nesters	stable post-recovery	similar	small_stable	small	stable				exclude	hatchling-remove if not including any of these in main analyses		pick just 1-2 to include from this set of offspring mom 24210		include	3
223	Z96245	96245	USVI	USA		2010	2010			offspring		hatchling	24210	NW Atlantic	Northeast Caribbean	Virgin Islands	Saint Croix				LR-getinfofromJH	99.08	14.2911	15.24	liklihood and hard called analyses	SNPARCHER	LK-GATK	2.5: 101-1000 nesters	stable post-recovery	similar	small_stable	small	stable				exclude	hatchling-remove if not including any of these in main analyses		pick just 1-2 to include from this set of offspring mom 24210		include	3
224	Z96246	96246	USVI	USA		2010	2010			offspring		hatchling	24210	NW Atlantic	Northeast Caribbean	Virgin Islands	Saint Croix				LR-getinfofromJH	99.03	12.2894	13	liklihood and hard called analyses	SNPARCHER	LK-GATK	2.5: 101-1000 nesters	stable post-recovery	similar	small_stable	small	stable				exclude	hatchling-remove if not including any of these in main analyses		pick just 1-2 to include from this set of offspring mom 24210		include	3
225	Z96247	96247	USVI	USA		2010	2010			offspring		hatchling	24210	NW Atlantic	Northeast Caribbean	Virgin Islands	Saint Croix				LR-getinfofromJH	99.12	13.946	14.74	liklihood and hard called analyses	SNPARCHER	LK-GATK	2.5: 101-1000 nesters	stable post-recovery	similar	small_stable	small	stable				exclude	hatchling-remove if not including any of these in main analyses		pick just 1-2 to include from this set of offspring mom 24210		include	3
226	Z96251	96251	USVI	USA		2010	2010			offspring		hatchling	24210	NW Atlantic	Northeast Caribbean	Virgin Islands	Saint Croix				LR-getinfofromJH	98.94	12.1528	13.03	liklihood and hard called analyses	SNPARCHER	LK-GATK	2.5: 101-1000 nesters	stable post-recovery	similar	small_stable	small	stable					hatchling-remove if not including any of these in main analyses		pick just 1-2 to include from this set of offspring mom 24210		include	3
227	Z96252	96252	USVI	USA		2010	2010			offspring		hatchling	24210	NW Atlantic	Northeast Caribbean	Virgin Islands	Saint Croix				LR-getinfofromJH	99.01	12.9102	13.64	liklihood and hard called analyses	SNPARCHER	LK-GATK	2.5: 101-1000 nesters	stable post-recovery	similar	small_stable	small	stable					hatchling-remove if not including any of these in main analyses		pick just 1-2 to include from this set of offspring mom 24210		include	3
135	dc_78623	78623	SANDY POINT NWR	Virgin_Islands	SPP121	2012	2012	6	7				NA	NW Atlantic	Northeast Caribbean	Virgin Islands					novo_UMass_Illumina_SR	97.55	13.94	13.94	liklihood and hard called analyses	LK-GATK	LK-GATK	2.5: 101-1000 nesters	during secondary decline	similar	small_stable	small	stable									include	2
237	dc_LeatherHatchDNA	LeatherHatchDNA	FLORIDA (northeast)	UNITED STATES OF AMERICA		2017	2017			hatchling		hatchling	NA	NW Atlantic	Northern Caribbean	Florida					Duffy_Illumina_SR	98.98	13.3	13.3	liklihood and hard called analyses	SNPARCHER	LK-GATK	2.5: 101-1000 nesters	during decline	similar	small_declining	small	declining			why exclude? - from what I see that's the only Northern Caribbean sample., so I just don;t know how to classify it						exclude	
73	dc_32482	32482	GANDOCA	Costa_Rica	126975293A	2001	2001	6	24				NA	NW Atlantic	Northwest Caribbean	Atl Costa Rica					novo_UMass_Illumina_SR	99.58	11.79	11.79	liklihood and hard called analyses	LK-GATK	LK-GATK	2.5: 101-1000 nesters	during decline	unknown	small_declining	small	declining			why are we calling this larger declining if the size is the same as the one above being called small?						exclude	
74	dc_32484	32484	GANDOCA	Costa_Rica	127173464A	2001	2001	6	4				NA	NW Atlantic	Northwest Caribbean	Atl Costa Rica					novo_UMass_Illumina_SR	99.64	14.37	14.37	liklihood and hard called analyses	LK-GATK	LK-GATK	2.5: 101-1000 nesters	during decline	unknown	small_declining	small	declining									exclude	
76	dc_33128	33128	GANDOCA	Costa_Rica	132315447A	2003	2003	9	5				NA	NW Atlantic	Northwest Caribbean	Atl Costa Rica					novo_UMass_Illumina_SR	99.36	8.57	8.57	liklihood and hard called analyses	LK-GATK	LK-GATK	2.5: 101-1000 nesters	during decline	unknown	small_declining	small	declining									exclude	
75	dc_33126	33126	GANDOCA	Costa_Rica	123729174A	NA	2001	NA	NA				NA	NW Atlantic	Northwest Caribbean	Atl Costa Rica					novo_UMass_Illumina_SR	99.41	15.24	15.24	liklihood and hard called analyses	LK-GATK	LK-GATK	2.5: 101-1000 nesters	during decline	unknown	small_declining	small	declining									exclude	
77	dc_33129	33129	GANDOCA	Costa_Rica	126412257A	NA	2001	NA	NA				NA	NW Atlantic	Northwest Caribbean	Atl Costa Rica					novo_UMass_Illumina_SR	99.23	8.23	8.23	liklihood and hard called analyses	LK-GATK	LK-GATK	2.5: 101-1000 nesters	during decline	unknown	small_declining	small	declining									exclude	
67	dc_18331	18331	AWALA-YALIMAPO	French_Guiana	T51/0600EADF	2002	2002	6	29				NA	NW Atlantic	South-east Caribbean	French Guiana-Suriname					novo_UMass_Illumina_SR	79.89	11.35	11.35	liklihood and hard called analyses; keep in analyses but flag if weirdo downstream bc low % mapping	LK-GATK	LK-GATK	2: 1,001-5,000 nesters	pre-decline	sig reduced	larger_declining	larger	declining									exclude	
68	dc_18332	18332	AWALA-YALIMAPO	French_Guiana	T52/0610E24D	2002	2002	6	29				NA	NW Atlantic	South-east Caribbean	French Guiana-Suriname					novo_UMass_Illumina_SR	99.58	22.94	22.94	liklihood and hard called analyses	LK-GATK	LK-GATK	2: 1,001-5,000 nesters	pre-decline	sig reduced	larger_declining	larger	declining									exclude	
69	dc_18385	18385	AWALA-YALIMAPO	French_Guiana	T119/01EDA03C	2002	2002	7	6				NA	NW Atlantic	South-east Caribbean	French Guiana-Suriname					novo_UMass_Illumina_SR	99.77	23.39	23.39	liklihood and hard called analyses	LK-GATK	LK-GATK	2: 1,001-5,000 nesters	pre-decline	sig reduced	larger_declining	larger	declining									exclude	
51	dc_14469	14469		Suriname	S3	NA	1999	NA	NA				NA	NW Atlantic	South-east Caribbean	French Guiana-Suriname					novo_UMass_Illumina_SR	99.56	16	16	liklihood and hard called analyses	LK-GATK	LK-GATK	2: 1,001-5,000 nesters	pre-decline	sig reduced	larger_declining	larger	declining									exclude	
52	dc_14470	14470		Suriname	S4	NA	1999	NA	NA				NA	NW Atlantic	South-east Caribbean	French Guiana-Suriname					novo_UMass_Illumina_SR	97.28	11.82	11.82	liklihood and hard called analyses	LK-GATK	LK-GATK	2: 1,001-5,000 nesters	pre-decline	sig reduced	larger_declining	larger	declining									exclude	
53	dc_14487	14487		French_Guiana	DC29	NA	1999	NA	NA				NA	NW Atlantic	South-east Caribbean	French Guiana-Suriname					novo_UMass_Illumina_SR	98.82	16.82	16.82	liklihood and hard called analyses	LK-GATK	LK-GATK	2: 1,001-5,000 nesters	pre-decline	sig reduced	larger_declining	larger	declining									exclude	
54	dc_14488	14488		French_Guiana	DC30	NA	1999	NA	NA				NA	NW Atlantic	South-east Caribbean	French Guiana-Suriname					novo_UMass_Illumina_SR	99.37	11.87	11.87	liklihood and hard called analyses	LK-GATK	LK-GATK	2: 1,001-5,000 nesters	pre-decline	sig reduced	larger_declining	larger	declining									exclude	
123	dc_43422	43422	MAYUMBA	Gabon	Kud 15660/Kud 15661	2007	2007	3	24				NA	SE Atlantic	SE Atlantic/West Africa	Gabon					novo_UMass_Illumina_SR	99.56	13.41	13.41	liklihood and hard called analyses	LK-GATK	LK-GATK	1: >10,000 nesters	stable	unknown	larger_stable	larger	stable									exclude	
124	dc_43423	43423	MAYUMBA	Gabon	Kud 15962/Kud 15963	2007	2007	3	25				NA	SE Atlantic	SE Atlantic/West Africa	Gabon					novo_UMass_Illumina_SR	99.1	13.41	13.41	liklihood and hard called analyses	LK-GATK	LK-GATK	1: >10,000 nesters	stable	unknown	larger_stable	larger	stable									exclude	
125	dc_43425	43425	PONGARA	Gabon	Asf 16001	2007	2007	2	26				NA	SE Atlantic	SE Atlantic/West Africa	Gabon					novo_UMass_Illumina_SR	99.78	1.53	1.53	liklihood only, maybe remove if weirdo	LK-GATK	LK-GATK	1: >10,000 nesters	stable	unknown	larger_stable	larger	stable		exclude		exclude					exclude	
126	dc_43426	43426	PONGARA	Gabon	Asf 457	2007	2007	2	5				NA	SE Atlantic	SE Atlantic/West Africa	Gabon					novo_UMass_Illumina_SR	99.73	15.01	15.01	liklihood and hard called analyses	LK-GATK	LK-GATK	1: >10,000 nesters	stable	unknown	larger_stable	larger	stable									exclude	
238	dc_84622	84622	KINGERE	GABON		2012	2012						NA	SE Atlantic	SE Atlantic/West Africa	Gabon					novo_UMass_Illumina_SR	99.46	13.93	13.93	liklihood and hard called analyses	SNPARCHER	LK-GATK	1.5: 5,001-10,000 nesters	during decline	unknown	larger_stable	larger	stable			I think ok to keep in group but if sample looks weird maybe flag it						exclude	
119	dc_40977	40977		Ghana	TTW566/TTW567	2007	2007	2	4				NA	SE Atlantic	SE Atlantic/West Africa	Ghana					novo_UMass_Illumina_SR	99.55	15.1	15.1	liklihood and hard called analyses	LK-GATK	LK-GATK	1: >10,000 nesters	stable	unknown	larger_stable	larger	stable									exclude	
120	dc_40978	40978		Ghana	TTW568/TTW570	2007	2007	2	4				NA	SE Atlantic	SE Atlantic/West Africa	Ghana					novo_UMass_Illumina_SR	99.53	12.11	12.11	liklihood and hard called analyses	LK-GATK	LK-GATK	1: >10,000 nesters	stable	unknown	larger_stable	larger	stable									exclude	
121	dc_40980	40980		Ghana	TTW573/TTW574	2007	2007	2	5				NA	SE Atlantic	SE Atlantic/West Africa	Ghana					novo_UMass_Illumina_SR	99.61	16.02	16.02	liklihood and hard called analyses	LK-GATK	LK-GATK	1: >10,000 nesters	stable	unknown	larger_stable	larger	stable									exclude	
49	dc_12248	12248	MAPUTALAND	South_Africa	GG415-68S	1997	1997	12	23				NA	SW Indian	South Africa	South Africa					novo_UMass_Illumina_SR	99.61	14.56	14.56	liklihood and hard called analyses	LK-GATK	LK-GATK	3: <100 nesters	stable	similar	small_stable	small	stable									exclude	
48	dc_12243	12243	MAPUTALAND	South_Africa	GG277-72S	1998	1998	12	7				NA	SW Indian	South Africa	South Africa					novo_UMass_Illumina_SR	99.55	12.92	12.92	liklihood and hard called analyses	LK-GATK	LK-GATK	3: <100 nesters	stable	similar	small_stable	small	stable									exclude	
62	dc_14568	14568		South_Africa	DC48	NA	1999	NA	NA				NA	SW Indian	South Africa	South Africa					novo_UMass_Illumina_SR	99.38	10.62	10.62	liklihood and hard called analyses	LK-GATK	LK-GATK	3: <100 nesters	stable	similar	small_stable	small	stable									exclude	
63	dc_14570	14570		South_Africa	DC50	NA	1999	NA	NA				NA	SW Indian	South Africa	South Africa					novo_UMass_Illumina_SR	99.7	19.77	19.77	liklihood and hard called analyses	LK-GATK	LK-GATK	3: <100 nesters	stable	similar	small_stable	small	stable									exclude	
122	dc_42911	42911		South_Africa	FL 0047/	NA	1999	NA	NA				NA	SW Indian	South Africa	South Africa					novo_UMass_Illumina_SR	99.54	14.09	14.09	liklihood and hard called analyses	LK-GATK	LK-GATK	3: <100 nesters	stable	similar	small_stable	small	stable									exclude	
70	dc_19154	19154	JAMURSBA MEDI	Indonesia	123727494A	2003	2003	7	23				NA	W Pacific	Western Pacific	Indonesia					novo_UMass_Illumina_SR	99.8	10.28	10.28	liklihood and hard called analyses	LK-GATK	LK-GATK	2: 1,001-5,000 nesters	during decline	sig reduced	larger_declining	larger	declining									exclude	
78	dc_37106	37106	JAMURSBA MEDI	Indonesia	123644625A/157 - 115	2005	2005	8	9				NA	W Pacific	Western Pacific	Indonesia					novo_UMass_Illumina_SR	99.63	11.24	11.24	liklihood and hard called analyses	LK-GATK	LK-GATK	2: 1,001-5,000 nesters	during decline	sig reduced	larger_declining	larger	declining									exclude	
80	dc_37114	37114	JAMURSBA MEDI	Indonesia	123817195A	2005	2005	NA	NA				NA	W Pacific	Western Pacific	Indonesia					novo_UMass_Illumina_SR	99.79	13.85	13.85	liklihood and hard called analyses	LK-GATK	LK-GATK	2: 1,001-5,000 nesters	during decline	sig reduced	larger_declining	larger	declining									exclude	
82	dc_37120	37120	JAMURSBA MEDI	Indonesia	123916766A/158 - 113	2005	2005	7	30				NA	W Pacific	Western Pacific	Indonesia					novo_UMass_Illumina_SR	99.64	9.57	9.57	liklihood and hard called analyses	LK-GATK	LK-GATK	2: 1,001-5,000 nesters	during decline	sig reduced	larger_declining	larger	declining									exclude	
83	dc_37126	37126	JAMURSBA MEDI	Indonesia	126244351A/160 - 122	2005	2005	8	5				NA	W Pacific	Western Pacific	Indonesia					novo_UMass_Illumina_SR	99.64	9.26	9.26	liklihood and hard called analyses	LK-GATK	LK-GATK	2: 1,001-5,000 nesters	during decline	sig reduced	larger_declining	larger	declining									exclude	
85	dc_37129	37129	JAMURSBA MEDI	Indonesia	126246113A/SMRU 9557	2005	2005	7	3				NA	W Pacific	Western Pacific	Indonesia					novo_UMass_Illumina_SR	99.67	19.52	19.52	liklihood and hard called analyses	LK-GATK	LK-GATK	2: 1,001-5,000 nesters	during decline	sig reduced	larger_declining	larger	declining									exclude	
87	dc_37134	37134	JAMURSBA MEDI	Indonesia	126313674A/148 - 118	2005	2005	7	5				NA	W Pacific	Western Pacific	Indonesia					novo_UMass_Illumina_SR	99.7	18.25	18.25	liklihood and hard called analyses	LK-GATK	LK-GATK	2: 1,001-5,000 nesters	during decline	sig reduced	larger_declining	larger	declining									exclude	
89	dc_37137	37137	JAMURSBA MEDI	Indonesia	126334333A/SMRU 9562	2005	2005	7	8				NA	W Pacific	Western Pacific	Indonesia					novo_UMass_Illumina_SR	99.68	17.08	17.08	liklihood and hard called analyses	LK-GATK	LK-GATK	2: 1,001-5,000 nesters	during decline	sig reduced	larger_declining	larger	declining									exclude	
90	dc_37138	37138	JAMURSBA MEDI	Indonesia	126335130A	2005	2005	NA	NA				NA	W Pacific	Western Pacific	Indonesia					novo_UMass_Illumina_SR	99.7	11.42	11.42	liklihood and hard called analyses	LK-GATK	LK-GATK	2: 1,001-5,000 nesters	during decline	sig reduced	larger_declining	larger	declining									exclude	
91	dc_37143	37143	JAMURSBA MEDI	Indonesia	126339523A	2005	2005	NA	NA				NA	W Pacific	Western Pacific	Indonesia					novo_UMass_Illumina_SR	99.76	23.89	23.89	liklihood and hard called analyses	LK-GATK	LK-GATK	2: 1,001-5,000 nesters	during decline	sig reduced	larger_declining	larger	declining									exclude	
93	dc_37149	37149	JAMURSBA MEDI	Indonesia	126346521A	2005	2005	NA	NA				NA	W Pacific	Western Pacific	Indonesia					novo_UMass_Illumina_SR	99.7	16.19	16.19	liklihood and hard called analyses	LK-GATK	LK-GATK	2: 1,001-5,000 nesters	during decline	sig reduced	larger_declining	larger	declining									exclude	
94	dc_37154	37154	JAMURSBA MEDI	Indonesia	126409694A	2005	2005	7	6				NA	W Pacific	Western Pacific	Indonesia					novo_UMass_Illumina_SR	99.78	17.76	17.76	liklihood and hard called analyses	LK-GATK	LK-GATK	2: 1,001-5,000 nesters	during decline	sig reduced	larger_declining	larger	declining									exclude	
97	dc_37158	37158	JAMURSBA MEDI	Indonesia	126427145A/PTT 40653	2005	2005	7	10				NA	W Pacific	Western Pacific	Indonesia					novo_UMass_Illumina_SR	99.48	2.45	2.45	liklihood only, maybe remove if weirdo	LK-GATK	LK-GATK	2: 1,001-5,000 nesters	during decline	sig reduced	larger_declining	larger	declining		exclude		exclude					exclude	
98	dc_37160	37160	JAMURSBA MEDI	Indonesia	126435145A	2005	2005	8	2				NA	W Pacific	Western Pacific	Indonesia					novo_UMass_Illumina_SR	52.08	0.53	0.53	completely remove from analyses bc v low coverage and mapping	LK-GATK	LK-GATK	2: 1,001-5,000 nesters	during decline	sig reduced	larger_declining	larger	declining		exclude		exclude					exclude	
99	dc_37163	37163	JAMURSBA MEDI	Indonesia	126473565A/SMRU 9567	2005	2005	7	3				NA	W Pacific	Western Pacific	Indonesia					novo_UMass_Illumina_SR	99.65	12.39	12.39	liklihood and hard called analyses	LK-GATK	LK-GATK	2: 1,001-5,000 nesters	during decline	sig reduced	larger_declining	larger	declining									exclude	
100	dc_37164	37164	JAMURSBA MEDI	Indonesia	126477611A/152 - 109	2005	2005	8	9				NA	W Pacific	Western Pacific	Indonesia					novo_UMass_Illumina_SR	99.75	11.12	11.12	liklihood and hard called analyses	LK-GATK	LK-GATK	2: 1,001-5,000 nesters	during decline	sig reduced	larger_declining	larger	declining									exclude	
102	dc_37166	37166	JAMURSBA MEDI	Indonesia	126519394A	2005	2005	NA	NA				NA	W Pacific	Western Pacific	Indonesia					novo_UMass_Illumina_SR	99.55	10.85	10.85	liklihood and hard called analyses	LK-GATK	LK-GATK	2: 1,001-5,000 nesters	during decline	sig reduced	larger_declining	larger	declining									exclude	
104	dc_37187	37187	WARMON	Indonesia	132132637A/167 - 121	2005	2005	12	12				NA	W Pacific	Western Pacific	Indonesia					novo_UMass_Illumina_SR	99.76	30.09	30.09	liklihood and hard called analyses	LK-GATK	LK-GATK	2: 1,001-5,000 nesters	during decline	sig reduced	larger_declining	larger	declining									exclude	
107	dc_37197	37197	JAMURSBA MEDI	Indonesia	132145483A	2005	2005	NA	NA				NA	W Pacific	Western Pacific	Indonesia					novo_UMass_Illumina_SR	99.69	15.45	15.45	liklihood and hard called analyses	LK-GATK	LK-GATK	2: 1,001-5,000 nesters	during decline	sig reduced	larger_declining	larger	declining									exclude	
108	dc_37198	37198	JAMURSBA MEDI	Indonesia	132146163A	2005	2005	NA	NA				NA	W Pacific	Western Pacific	Indonesia					novo_UMass_Illumina_SR	99.74	20.68	20.68	liklihood and hard called analyses	LK-GATK	LK-GATK	2: 1,001-5,000 nesters	during decline	sig reduced	larger_declining	larger	declining									exclude	
109	dc_37413	37413	WARMON	Indonesia	132164792A/151 - 109	2005	2005	12	9				NA	W Pacific	Western Pacific	Indonesia					novo_UMass_Illumina_SR	99.64	11.62	11.62	liklihood and hard called analyses	LK-GATK	LK-GATK	2: 1,001-5,000 nesters	during decline	sig reduced	larger_declining	larger	declining									exclude	
114	dc_37436	37436	JAMURSBA MEDI	Indonesia	132231345A	2005	2005	NA	NA				NA	W Pacific	Western Pacific	Indonesia					novo_UMass_Illumina_SR	99.75	25.33	25.33	liklihood and hard called analyses	LK-GATK	LK-GATK	2: 1,001-5,000 nesters	during decline	sig reduced	larger_declining	larger	declining									exclude	
79	dc_37111	37111	JAMURSBA MEDI	Indonesia	123776680A/156 - 113	2006	2006	5	24				NA	W Pacific	Western Pacific	Indonesia					novo_UMass_Illumina_SR	99.69	5.69	5.69	liklihood only analyses -based on 8X threshold	LK-GATK	LK-GATK	2: 1,001-5,000 nesters	during decline	sig reduced	larger_declining	larger	declining		exclude		exclude					exclude	
81	dc_37118	37118	JAMURSBA MEDI	Indonesia	123911734A / PIT 61720	2006	2006	7	25				NA	W Pacific	Western Pacific	Indonesia					novo_UMass_Illumina_SR	99.64	17.8	17.8	liklihood and hard called analyses	LK-GATK	LK-GATK	2: 1,001-5,000 nesters	during decline	sig reduced	larger_declining	larger	declining									exclude	
84	dc_37128	37128	JAMURSBA MEDI	Indonesia	126244613A/160 - 120	2006	2006	6	12				NA	W Pacific	Western Pacific	Indonesia					novo_UMass_Illumina_SR	99.74	18.69	18.69	liklihood and hard called analyses	LK-GATK	LK-GATK	2: 1,001-5,000 nesters	during decline	sig reduced	larger_declining	larger	declining									exclude	
86	dc_37130	37130	JAMURSBA MEDI	Indonesia	126268227A/155 - 109	2006	2006	6	NA				NA	W Pacific	Western Pacific	Indonesia					novo_UMass_Illumina_SR	99.67	16.04	16.04	liklihood and hard called analyses	LK-GATK	LK-GATK	2: 1,001-5,000 nesters	during decline	sig reduced	larger_declining	larger	declining									exclude	
88	dc_37135	37135	JAMURSBA MEDI	Indonesia	126318743A/174 - 121	2006	2006	7	4				NA	W Pacific	Western Pacific	Indonesia					novo_UMass_Illumina_SR	99.7	6.42	6.42	liklihood and hard called analyses -BUT >6X, lower 8X so exclude on hard called later if weirdo!	LK-GATK	LK-GATK	2: 1,001-5,000 nesters	during decline	sig reduced	larger_declining	larger	declining									exclude	
92	dc_37147	37147	JAMURSBA MEDI	Indonesia	126345463A/157 - 125	2006	2006	6	14				NA	W Pacific	Western Pacific	Indonesia					novo_UMass_Illumina_SR	99.58	14.53	14.53	liklihood and hard called analyses	LK-GATK	LK-GATK	2: 1,001-5,000 nesters	during decline	sig reduced	larger_declining	larger	declining									exclude	
95	dc_37155	37155	JAMURSBA MEDI	Indonesia	126411637A/165 - 119	2006	2006	6	8				NA	W Pacific	Western Pacific	Indonesia					novo_UMass_Illumina_SR	99.76	11.14	11.14	liklihood and hard called analyses	LK-GATK	LK-GATK	2: 1,001-5,000 nesters	during decline	sig reduced	larger_declining	larger	declining									exclude	
96	dc_37157	37157	JAMURSBA MEDI	Indonesia	126422790A/156 - 114	2006	2006	6	1				NA	W Pacific	Western Pacific	Indonesia					novo_UMass_Illumina_SR	99.67	9.94	9.94	liklihood and hard called analyses	LK-GATK	LK-GATK	2: 1,001-5,000 nesters	during decline	sig reduced	larger_declining	larger	declining									exclude	
101	dc_37165	37165	JAMURSBA MEDI	Indonesia	126512710A / PIT 61715	2006	2006	7	26				NA	W Pacific	Western Pacific	Indonesia					novo_UMass_Illumina_SR	99.77	15.79	15.79	liklihood and hard called analyses	LK-GATK	LK-GATK	2: 1,001-5,000 nesters	during decline	sig reduced	larger_declining	larger	declining									exclude	
103	dc_37171	37171	WARMON	Indonesia	131726732A/156 - 111	2006	2006	1	20				NA	W Pacific	Western Pacific	Indonesia					novo_UMass_Illumina_SR	99.64	11.07	11.07	liklihood and hard called analyses	LK-GATK	LK-GATK	2: 1,001-5,000 nesters	during decline	sig reduced	larger_declining	larger	declining									exclude	
105	dc_37189	37189	WARMON	Indonesia	132133522A / PAT 52681	2006	2006	7	22				NA	W Pacific	Western Pacific	Indonesia					novo_UMass_Illumina_SR	99.67	8.36	8.36	liklihood and hard called analyses	LK-GATK	LK-GATK	2: 1,001-5,000 nesters	during decline	sig reduced	larger_declining	larger	declining									exclude	
110	dc_37417	37417	WARMON	Indonesia	132173377A/153 - 110	2006	2006	1	18				NA	W Pacific	Western Pacific	Indonesia					novo_UMass_Illumina_SR	99.74	17.91	17.91	liklihood and hard called analyses	LK-GATK	LK-GATK	2: 1,001-5,000 nesters	during decline	sig reduced	larger_declining	larger	declining									exclude	
111	dc_37422	37422	WARMON	Indonesia	132213347A/146 - 109	2006	2006	1	25				NA	W Pacific	Western Pacific	Indonesia					novo_UMass_Illumina_SR	99.75	30.08	30.08	liklihood and hard called analyses	LK-GATK	LK-GATK	2: 1,001-5,000 nesters	during decline	sig reduced	larger_declining	larger	declining									exclude	
112	dc_37423	37423	WARMON	Indonesia	132214611A/154 - 114	2006	2006	12	31				NA	W Pacific	Western Pacific	Indonesia					novo_UMass_Illumina_SR	99.58	8.57	8.57	liklihood and hard called analyses	LK-GATK	LK-GATK	2: 1,001-5,000 nesters	during decline	sig reduced	larger_declining	larger	declining									exclude	
113	dc_37432	37432	WARMON	Indonesia	132221690A/159 - 114	2006	2006	1	26				NA	W Pacific	Western Pacific	Indonesia					novo_UMass_Illumina_SR	99.54	5.07	5.07	liklihood only analyses -based on 8X threshold	LK-GATK	LK-GATK	2: 1,001-5,000 nesters	during decline	sig reduced	larger_declining	larger	declining		exclude		exclude					exclude	
115	dc_37438	37438	WARMON	Indonesia	132232555A/175 - 121	2006	2006	1	25				NA	W Pacific	Western Pacific	Indonesia					novo_UMass_Illumina_SR	99.73	28.46	28.46	liklihood and hard called analyses	LK-GATK	LK-GATK	2: 1,001-5,000 nesters	during decline	sig reduced	larger_declining	larger	declining									exclude	
116	dc_37439	37439	WARMON	Indonesia	132233613A/162 - 116	2006	2006	1	20				NA	W Pacific	Western Pacific	Indonesia					novo_UMass_Illumina_SR	99.69	14.47	14.47	liklihood and hard called analyses	LK-GATK	LK-GATK	2: 1,001-5,000 nesters	during decline	sig reduced	larger_declining	larger	declining									exclude	
106	dc_37195	37195	WARMON	Indonesia	132138555A	2007	2007	1	23				NA	W Pacific	Western Pacific	Indonesia					novo_UMass_Illumina_SR	99.73	13.58	13.58	liklihood and hard called analyses	LK-GATK	LK-GATK	2.5: 101-1000 nesters	during decline	sig reduced	larger_declining	larger	declining			here it shifts down in size-we can justify keeping in 'larger' category but need to be consistent (see comment above). Note that the abundance scores from the RMU were the same in 2011 and 2024 (=2), so maybe can use that to justify. Also, since we'll need to subsample this group (to deal with sampling size uneveness) we can perhaps be strategic here						exclude	
117	dc_37441	37441	WARMON	Indonesia	132235456A	2007	2007	1	8				NA	W Pacific	Western Pacific	Indonesia					novo_UMass_Illumina_SR	99.71	27.55	27.55	liklihood and hard called analyses	LK-GATK	LK-GATK	2.5: 101-1000 nesters	during decline	sig reduced	larger_declining	larger	declining									exclude	
118	dc_37446	37446	WARMON	Indonesia	132252647A	2007	2007	1	12				NA	W Pacific	Western Pacific	Indonesia					novo_UMass_Illumina_SR	99.49	6.02	6.02	liklihood and hard called analyses -BUT >6X, lower 8X so exclude on hard called later if weirdo!	LK-GATK	LK-GATK	2.5: 101-1000 nesters	during decline	sig reduced	larger_declining	larger	declining									exclude	
127	dc_47297	47297	JAMURSBA MEDI	Indonesia	126516620A	2007	2007	7	22				NA	W Pacific	Western Pacific	Indonesia					novo_UMass_Illumina_SR	99.74	22.4	22.4	liklihood and hard called analyses	LK-GATK	LK-GATK	2.5: 101-1000 nesters	during decline	sig reduced	larger_declining	larger	declining									exclude	
128	dc_47299	47299	JAMURSBA MEDI	Indonesia	126518693A	2007	2007	7	26				NA	W Pacific	Western Pacific	Indonesia					novo_UMass_Illumina_SR	99.66	13.42	13.42	liklihood and hard called analyses	LK-GATK	LK-GATK	2.5: 101-1000 nesters	during decline	sig reduced	larger_declining	larger	declining									exclude	
129	dc_47300	47300	JAMURSBA MEDI	Indonesia	126236355A	2007	2007	7	26				NA	W Pacific	Western Pacific	Indonesia					novo_UMass_Illumina_SR	99.55	7.25	7.25	liklihood and hard called analyses -BUT >6X, lower 8X so exclude on hard called later if weirdo!	LK-GATK	LK-GATK	2.5: 101-1000 nesters	during decline	sig reduced	larger_declining	larger	declining									exclude	
130	dc_47302	47302	JAMURSBA MEDI	Indonesia	126335766A	2007	2007	7	26				NA	W Pacific	Western Pacific	Indonesia					novo_UMass_Illumina_SR	99.6	8.55	8.55	liklihood and hard called analyses	LK-GATK	LK-GATK	2.5: 101-1000 nesters	during decline	sig reduced	larger_declining	larger	declining									exclude	
131	dc_47936	47936	JAMURSBA MEDI	Indonesia	126235453A	2007	2007	7	27				NA	W Pacific	Western Pacific	Indonesia					novo_UMass_Illumina_SR	99.47	12.57	12.57	liklihood and hard called analyses	LK-GATK	LK-GATK	2.5: 101-1000 nesters	during decline	sig reduced	larger_declining	larger	declining									exclude	
132	dc_47938	47938	JAMURSBA MEDI	Indonesia	126338362A	2007	2007	7	23				NA	W Pacific	Western Pacific	Indonesia					novo_UMass_Illumina_SR	99.59	12.87	12.87	liklihood and hard called analyses	LK-GATK	LK-GATK	2.5: 101-1000 nesters	during decline	sig reduced	larger_declining	larger	declining									exclude	
133	dc_58940	58940	JAMURSBA MEDI, WARMAMEDI	Indonesia	123926274	2010	2010	6	10				NA	W Pacific	Western Pacific	Indonesia					novo_UMass_Illumina_SR	99.8	16.62	16.62	liklihood and hard called analyses	LK-GATK	LK-GATK	2.5: 101-1000 nesters	during decline	sig reduced	larger_declining	larger	declining									exclude	
134	dc_63779	63779	JAMURSBA MEDI AREA, BATU RUMAH BEACH, SECTOR 178-179	Indonesia	126435555A	2011	2011	7	7				NA	W Pacific	Western Pacific	Indonesia					novo_UMass_Illumina_SR	20.19	0.21	0.21	completely remove from analyses bc v low coverage and mapping	LK-GATK	LK-GATK	2.5: 101-1000 nesters	during decline	sig reduced	larger_declining	larger	declining		exclude		exclude					exclude	
137	dc_90097	90097	JAMURSBA MEDI AREA, WARMAMEDI BEACH, SECTOR 264-265	Indonesia	126326093A	2011	2011	6	24				NA	W Pacific	Western Pacific	Indonesia					novo_UMass_Illumina_SR	99.12	15.33	15.33	liklihood and hard called analyses	LK-GATK	LK-GATK	2.5: 101-1000 nesters	during decline	sig reduced	larger_declining	larger	declining									exclude	
138	dc_90120	90120	JAMURSBA MEDI AREA, WARMAMEDI BEACH, SECTOR 273-274	Indonesia	126428353A	2011	2011	8	8				NA	W Pacific	Western Pacific	Indonesia					novo_UMass_Illumina_SR	98.54	8.98	8.98	liklihood and hard called analyses	LK-GATK	LK-GATK	2.5: 101-1000 nesters	during decline	sig reduced	larger_declining	larger	declining									exclude	
139	dc_90125	90125	JAMURSBA MEDIA AREA, WARMAMEDI BEACH, SECTOR 266-267	Indonesia	126476643A	2011	2011	8	16				NA	W Pacific	Western Pacific	Indonesia					novo_UMass_Illumina_SR	99.55	7.79	7.79	liklihood and hard called analyses -BUT >6X, lower 8X so exclude on hard called later if weirdo!	LK-GATK	LK-GATK	2.5: 101-1000 nesters	during decline	sig reduced	larger_declining	larger	declining									exclude	
140	dc_90143	90143	WERMON AREA, WERMON BEACH, SECTOR 17-18	Indonesia	126277215A	2011	2011	6	14				NA	W Pacific	Western Pacific	Indonesia					novo_UMass_Illumina_SR	90	9.56	9.56	liklihood and hard called analyses; keep in analyses but flag if weirdo downstream bc low % mapping	LK-GATK	LK-GATK	2.5: 101-1000 nesters	during decline	sig reduced	larger_declining	larger	declining									exclude	
141	dc_90148	90148	WERMON AREA, WERMON BEACH, SECTOR 22-23	Indonesia	132115272A	2011	2011	6	18				NA	W Pacific	Western Pacific	Indonesia					novo_UMass_Illumina_SR	92.24	0.01	0.01	completely remove from analyses bc very low coverage	LK-GATK	LK-GATK	2.5: 101-1000 nesters	during decline	sig reduced	larger_declining	larger	declining		exclude		exclude					exclude	
142	dc_90162	90162	WERMON AREA, WERMON BEACH, SECTOR 31-32	Indonesia	132334752A	2011	2011	7	8				NA	W Pacific	Western Pacific	Indonesia					novo_UMass_Illumina_SR	98.38	14.03	14.03	liklihood and hard called analyses	LK-GATK	LK-GATK	2.5: 101-1000 nesters	during decline	sig reduced	larger_declining	larger	declining									exclude	
147	dc_90229	90229	JAMURSBA MEDI AREA, WARMAMEDI BEACH, SECTOR 286-287	Indonesia	126412332A	2011	2011	7	13				NA	W Pacific	Western Pacific	Indonesia					novo_UMass_Illumina_SR	99.31	11.6	11.6	liklihood and hard called analyses	LK-GATK	LK-GATK	2.5: 101-1000 nesters	during decline	sig reduced	larger_declining	larger	declining									exclude	
148	dc_90232	90232	WERMON AREA, WERMON BEACH, SECTOR 77-78	Indonesia	126339091A	2011	2011	7	14				NA	W Pacific	Western Pacific	Indonesia					novo_UMass_Illumina_SR	80.8	11.87	11.87	liklihood and hard called analyses; keep in analyses but flag if weirdo downstream bc low % mapping	LK-GATK	LK-GATK	2.5: 101-1000 nesters	during decline	sig reduced	larger_declining	larger	declining									exclude	
149	dc_90233	90233	JAMURSBA MEDI AREA, WARMAMEDI BEACH, SECTOR 271-272	Indonesia	126335350A	2011	2011	7	15				NA	W Pacific	Western Pacific	Indonesia					novo_UMass_Illumina_SR	96.59	7.37	7.37	liklihood and hard called analyses -BUT >6X, lower 8X so exclude on hard called later if weirdo!	LK-GATK	LK-GATK	2.5: 101-1000 nesters	during decline	sig reduced	larger_declining	larger	declining									exclude	
150	dc_90248	90248	JAMURSBA MEDI AREA, WEMBRAK BEACH, SECTOR 84-85	Indonesia	123657611A	2011	2011	7	26				NA	W Pacific	Western Pacific	Indonesia					novo_UMass_Illumina_SR	98.43	15.49	15.49	liklihood and hard called analyses	LK-GATK	LK-GATK	2.5: 101-1000 nesters	during decline	sig reduced	larger_declining	larger	declining									exclude	
151	dc_90253	90253	JAMURSBA MEDI AREA, WEMBRAK BEACH, SECTOR 42-43	Indonesia	126518364A	2011	2011	7	30				NA	W Pacific	Western Pacific	Indonesia					novo_UMass_Illumina_SR	98.98	15.56	15.56	liklihood and hard called analyses	LK-GATK	LK-GATK	2.5: 101-1000 nesters	during decline	sig reduced	larger_declining	larger	declining									exclude	
64	dc_17040	17040		Papua_New_Guinea	123668283A	2001	2001	12	NA				NA	W Pacific	Western Pacific	Papua New Guinea					novo_UMass_Illumina_SR	99.67	11.95	11.95	liklihood and hard called analyses	LK-GATK	LK-GATK	2: 1,001-5,000 nesters	during decline	sig reduced	larger_declining	larger	declining									exclude	
65	dc_17041	17041		Papua_New_Guinea	123751317A	2001	2001	12	NA				NA	W Pacific	Western Pacific	Papua New Guinea					novo_UMass_Illumina_SR	99.57	9.18	9.18	liklihood and hard called analyses	LK-GATK	LK-GATK	2: 1,001-5,000 nesters	during decline	sig reduced	larger_declining	larger	declining									exclude	
66	dc_17049	17049		Papua_New_Guinea	126521490A	2001	2001	12	NA				NA	W Pacific	Western Pacific	Papua New Guinea					novo_UMass_Illumina_SR	99.58	11.75	11.75	liklihood and hard called analyses	LK-GATK	LK-GATK	2: 1,001-5,000 nesters	during decline	sig reduced	larger_declining	larger	declining									exclude	
177	Z026452	26452		PAPUA NEW GUINEA		2001	2001						NA	W Pacific	Western Pacific	Papua New Guinea	Western Pacific	WPac	Dc9.1		novo42_Illumina_SR	99.72	8.44538	10.22	liklihood and hard called analyses	SNPARCHER	LK-GATK	2: 1,001-5,000 nesters	during decline	sig reduced	larger_declining	larger	declining									exclude	
178	Z026454	26454		PAPUA NEW GUINEA		2001	2001						NA	W Pacific	Western Pacific	Papua New Guinea	Western Pacific	WPac	Dc9.1		novo42_Illumina_SR	99.68	8.10148	8.7	liklihood and hard called analyses	SNPARCHER	LK-GATK	2: 1,001-5,000 nesters	during decline	sig reduced	larger_declining	larger	declining									exclude	
179	Z026455	26455		PAPUA NEW GUINEA		2001	2001						NA	W Pacific	Western Pacific	Papua New Guinea	Western Pacific	WPac	Dc9.1		novo42_Illumina_SR	99.76	8.58814	10.43	liklihood and hard called analyses	SNPARCHER	LK-GATK	2: 1,001-5,000 nesters	during decline	sig reduced	larger_declining	larger	declining									exclude	
180	Z026456	26456		PAPUA NEW GUINEA		2001	2001						NA	W Pacific	Western Pacific	Papua New Guinea	Western Pacific	WPac	Dc9.1		novo42_Illumina_SR	99.75	10.7733	12.35	liklihood and hard called analyses	SNPARCHER	LK-GATK	2: 1,001-5,000 nesters	during decline	sig reduced	larger_declining	larger	declining									exclude	
181	Z026458	26458		PAPUA NEW GUINEA		2001	2001						NA	W Pacific	Western Pacific	Papua New Guinea	Western Pacific	WPac	Dc9.1		novo42_Illumina_SR	99.74	8.18019	9.8	liklihood and hard called analyses	SNPARCHER	LK-GATK	2: 1,001-5,000 nesters	during decline	sig reduced	larger_declining	larger	declining									exclude	
71	dc_20292	20292	LABABIA	Papua_New_Guinea	126337752A	2003	2003	1	30				NA	W Pacific	Western Pacific	Papua New Guinea					novo_UMass_Illumina_SR	99.6	16.81	16.81	liklihood and hard called analyses	LK-GATK	LK-GATK	2: 1,001-5,000 nesters	during decline	sig reduced	larger_declining	larger	declining									exclude	
72	dc_20293	20293	LABABIA	Papua_New_Guinea	126455296A	2003	2003	2	1				NA	W Pacific	Western Pacific	Papua New Guinea					novo_UMass_Illumina_SR	99.77	17.34	17.34	liklihood and hard called analyses	LK-GATK	LK-GATK	2: 1,001-5,000 nesters	during decline	sig reduced	larger_declining	larger	declining									exclude	
183	Z032028	32028	LABABIA	PAPUA NEW GUINEA		2003	2003						NA	W Pacific	Western Pacific	Papua New Guinea	Western Pacific	WPac	Dc9.1		novo42_Illumina_SR	99.66	8.13036	7.44	liklihood and hard called analyses	SNPARCHER	LK-GATK	2: 1,001-5,000 nesters	during decline	sig reduced	larger_declining	larger	declining									exclude	
184	Z032030	32030	LABABIA	PAPUA NEW GUINEA		2003	2003						NA	W Pacific	Western Pacific	Papua New Guinea	Western Pacific	WPac	Dc9.1		novo42_Illumina_SR	99.71	8.5977	10.34	liklihood and hard called analyses	SNPARCHER	LK-GATK	2: 1,001-5,000 nesters	during decline	sig reduced	larger_declining	larger	declining									exclude	
185	Z032031	32031	LABABIA	PAPUA NEW GUINEA		2003	2003						NA	W Pacific	Western Pacific	Papua New Guinea	Western Pacific	WPac	Dc9.1		novo42_Illumina_SR	#N/A	#N/A	5.29	#N/A		LK-GATK	2: 1,001-5,000 nesters	during decline	sig reduced	na						exclude					exclude	
189	Z040943	40943	KAMIALI	PAPUA NEW GUINEA		2004	2004						NA	W Pacific	Western Pacific	Papua New Guinea	Western Pacific	WPac	Dc9.1		novo42_Illumina_SR	99.73	8.39466	9.94	liklihood and hard called analyses	SNPARCHER	LK-GATK	2: 1,001-5,000 nesters	during decline	sig reduced	larger_declining	larger	declining									exclude	
190	Z040945	40945	KAMIALI	PAPUA NEW GUINEA		2004	2004						NA	W Pacific	Western Pacific	Papua New Guinea	Western Pacific	WPac	Dc5.1		novo42_Illumina_SR	99.71	9.19134	11.03	liklihood and hard called analyses	SNPARCHER	LK-GATK	2: 1,001-5,000 nesters	during decline	sig reduced	larger_declining	larger	declining									exclude	
191	Z040944	40944	KAMIALI	PAPUA NEW GUINEA		2004	2004						NA	W Pacific	Western Pacific	Papua New Guinea	Western Pacific	found in both wpac and epac	Dc6.1		novo42_Illumina_SR	99.66	9.61145	11.6	liklihood and hard called analyses	SNPARCHER	LK-GATK	2: 1,001-5,000 nesters	during decline	sig reduced	larger_declining	larger	declining									exclude	
146	dc_90170	90170	ISABEL PROVINCE	Solomon_Islands	5855	1995	1995	11	25				NA	W Pacific	Western Pacific	Solomon Islands					novo_UMass_Illumina_SR	99.65	13.01	13.01	liklihood and hard called analyses	LK-GATK	LK-GATK	2: 1,001-5,000 nesters	during decline	sig reduced	larger_declining	larger	declining					exclude				exclude	
50	dc_13186	13186	ISABEL PROVINCE	Solomon_Islands	5844	1998	1998	12	18				NA	W Pacific	Western Pacific	Solomon Islands					novo_UMass_Illumina_SR	99.56	16.81	16.81	liklihood and hard called analyses	LK-GATK	LK-GATK	2: 1,001-5,000 nesters	during decline	sig reduced	larger_declining	larger	declining									exclude	
144	dc_90168	90168	ISABEL PROVINCE	Solomon_Islands	5813	1998	1998	12	13				NA	W Pacific	Western Pacific	Solomon Islands					novo_UMass_Illumina_SR	99.54	9.66	9.66	liklihood and hard called analyses	LK-GATK	LK-GATK	2: 1,001-5,000 nesters	during decline	sig reduced	larger_declining	larger	declining									exclude	
145	dc_90169	90169	ISABEL PROVINCE	Solomon_Islands	5810	1998	1998	12	11				NA	W Pacific	Western Pacific	Solomon Islands					novo_UMass_Illumina_SR	99.54	11.21	11.21	liklihood and hard called analyses	LK-GATK	LK-GATK	2: 1,001-5,000 nesters	during decline	sig reduced	larger_declining	larger	declining									exclude	
193	Z061468	61468	SASAKOLO	SOLOMON ISLANDS		2006	2006						NA	W Pacific	Western Pacific	Solomon Islands	Western Pacific	WPac	Dc9.1		novo42_Illumina_SR	99.74	7.55619	9.01	liklihood and hard called analyses	SNPARCHER	LK-GATK	2: 1,001-5,000 nesters	during decline	sig reduced	larger_declining	larger	declining	PCA outlier	exclude		exclude					exclude	
194	Z061464	61464		SOLOMON ISLANDS		2006	2006						NA	W Pacific	Western Pacific	Solomon Islands	Western Pacific	found in both wpac and epac	Dc8.1		novo42_Illumina_SR	99.67	9.23752	11.41	liklihood and hard called analyses	SNPARCHER	LK-GATK	2: 1,001-5,000 nesters	during decline	sig reduced	larger_declining	larger	declining									exclude	
195	Z061455	61455		SOLOMON ISLANDS		2006	2006						NA	W Pacific	Western Pacific	Solomon Islands	Western Pacific	WPac	Dc9.1		novo42_Illumina_SR	99.7	8.98598	10.72	liklihood and hard called analyses	SNPARCHER	LK-GATK	2: 1,001-5,000 nesters	during decline	sig reduced	larger_declining	larger	declining									exclude	
205	Z216904	216904		SOLOMON ISLANDS		2020	2020						NA	W Pacific	Western Pacific	Solomon Islands	Western Pacific	found in both wpac and epac	Dc4.1		novo42_Illumina_SR	99.66	9.79561	11.87	liklihood and hard called analyses	SNPARCHER	LK-GATK	2.5: 101-1000 nesters	post-decline	sig reduced	small_stable	small	stable									exclude	
206	Z216906	216906		SOLOMON ISLANDS		2020	2020						NA	W Pacific	Western Pacific	Solomon Islands	Western Pacific	WPac	Dc5.1		novo42_Illumina_SR	99.58	9.58356	11.72	liklihood and hard called analyses	SNPARCHER	LK-GATK	2.5: 101-1000 nesters	post-decline	sig reduced	small_stable	small	stable			we should discuss how to deal with these samples that are much more recent, if include and flag if weird. note that the RMU assessment flags the 2024 trend of Wpac as a 3 (declining/bad)						exclude	
207	Z216928	216928		SOLOMON ISLANDS		2022	2022						NA	W Pacific	Western Pacific	Solomon Islands	Western Pacific	WPac	Dc9.1	summer nester	novo42_Illumina_SR	99.71	9.13946	11.14	liklihood and hard called analyses	SNPARCHER	LK-GATK	2.5: 101-1000 nesters	post-decline	sig reduced	small_stable	small	stable			summer nester						exclude	
208	Z216930	216930		SOLOMON ISLANDS		2023	2023						NA	W Pacific	Western Pacific	Solomon Islands	Western Pacific	WPac	Dc9.1	summer nester	novo42_Illumina_SR	99.7	8.51535	10.26	liklihood and hard called analyses	SNPARCHER	LK-GATK	2.5: 101-1000 nesters	post-decline	sig reduced	small_stable	small	stable			summer nester						exclude	
47	dc_11724	11724	SASAKOLO	Solomon_Islands	TS435	NA	1999	NA	NA				NA	W Pacific	Western Pacific	Solomon Islands					novo_UMass_Illumina_SR	99.61	15.64	15.64	liklihood and hard called analyses	LK-GATK	LK-GATK	2: 1,001-5,000 nesters	during decline	sig reduced	larger_declining	larger	declining									exclude	
182	Z030265	30265		PERU		2000	2000						NA	W Pacific	Western Pacific	unknown	Western Pacific	WPac	Dc5.1	bycatch	novo42_Illumina_SR	99.25	10.6424	11.7	liklihood and hard called analyses	SNPARCHER	LK-GATK	2: 1,001-5,000 nesters	during decline	sig reduced	larger_declining	larger	declining			bycatch						exclude	
188	Z038952	38952		PERU		2002	2002						NA	W Pacific	Western Pacific	unknown	Western Pacific	WPac	Dc9.1	bycatch	novo42_Illumina_SR	99.01	10.0871	11.73	liklihood and hard called analyses	SNPARCHER	LK-GATK	2: 1,001-5,000 nesters	during decline	sig reduced	larger_declining	larger	declining			bycatch						exclude	
186	Z035351	35351	MONTEREY BAY	UNITED STATES OF AMERICA		2003	2003						NA	W Pacific	Western Pacific	unknown	Western Pacific	WPac	Dc9.1		novo42_Illumina_SR	99.77	8.61248	10.47	liklihood and hard called analyses	SNPARCHER	LK-GATK	2: 1,001-5,000 nesters	during decline	sig reduced	larger_declining	larger	declining									exclude	
187	Z035352	35352	MONTEREY BAY	UNITED STATES OF AMERICA		2003	2003						NA	W Pacific	Western Pacific	unknown	Western Pacific	WPac	Dc9.1		novo42_Illumina_SR	99.74	8.86169	10.52	liklihood and hard called analyses	SNPARCHER	LK-GATK	2: 1,001-5,000 nesters	during decline	sig reduced	larger_declining	larger	declining									exclude	
192	Z045253	45253		PERU		2003	2003						NA	W Pacific	Western Pacific	unknown	Western Pacific	this came up a CM in the Turtle Archive, check Lab ID	Dc9.1	ID changed-see new sheet and email thread with Erin; bycatch	novo42_Illumina_SR	99.71	9.6283	11.04	liklihood and hard called analyses	SNPARCHER	LK-GATK	2: 1,001-5,000 nesters	during decline	sig reduced	larger_declining	larger	declining			ID changed-see new sheet and email thread with Erin; bycatch						exclude	
196	Z117364	117564		UNITED STATES OF AMERICA		2013	2013						NA	W Pacific	Western Pacific	unknown	Western Pacific	WPac	Dc9.1	LK note corrected Lab_ID from 117364 to 117564 as per notes	novo42_Illumina_SR	99.76	10.0456	11.3	liklihood and hard called analyses	SNPARCHER	LK-GATK	2.5: 101-1000 nesters	during decline	sig reduced	small_stable	small	stable			LK note corrected Lab_ID from 117364 to 117564 as per notes						exclude	
197	Z117566	117566		UNITED STATES OF AMERICA		2013	2013						NA	W Pacific	Western Pacific	unknown	Western Pacific	WPac	Dc9.1		novo42_Illumina_SR	99.75	10.3723	11.87	liklihood and hard called analyses	SNPARCHER	LK-GATK	2.5: 101-1000 nesters	during decline	sig reduced	small_stable	small	stable									exclude	
198	Z178011	178011	MONTARA	UNITED STATES OF AMERICA		2016	2016						NA	W Pacific	Western Pacific	unknown	Western Pacific	WPac	Dc5.1		novo42_Illumina_SR	99.73	6.30937	6.91	liklihood and hard called analyses -BUT >6X, lower 8X so exclude on hard called later if weirdo!	SNPARCHER	LK-GATK	2.5: 101-1000 nesters	post-decline	sig reduced	small_stable	small	stable	PCA outlier	exclude		exclude					exclude	
199	Z178014	178014	MONTARA	UNITED STATES OF AMERICA		2016	2016						NA	W Pacific	Western Pacific	unknown	Western Pacific	found in both wpac and epac	Dc6.1	SNParcher tree and plots puts this with other Solomon Islands and PNG samples, so call Wpac	novo42_Illumina_SR	99.71	8.40361	9.64	liklihood and hard called analyses	SNPARCHER	LK-GATK	2.5: 101-1000 nesters	post-decline	sig reduced	small_stable	small	stable			SNParcher tree and plots puts this with other Solomon Islands and PNG samples, so call Wpac						exclude	
200	Z178009	178009	DEVIL'S SLIDE	UNITED STATES OF AMERICA		2016	2016						NA	W Pacific	Western Pacific	unknown	Western Pacific	WPac	Dc9.1		novo42_Illumina_SR	99.63	9.11219	11.06	liklihood and hard called analyses	SNPARCHER	LK-GATK	2.5: 101-1000 nesters	post-decline	sig reduced	small_stable	small	stable									exclude	
201	Z197053	197053		CHILE		2016	2016						NA	W Pacific	Western Pacific	unknown	Western Pacific	WPac	Dc9.1	bycatch	novo42_Illumina_SR	61.03	5.85951	6.52	liklihood and hard called analyses -BUT >6X, lower 8X so exclude on hard called later if weirdo!	SNPARCHER	LK-GATK	2.5: 101-1000 nesters	post-decline	sig reduced	small_stable	small	stable	bycatch,PCA outlier	exclude		exclude					exclude	
203	Z207745	207745	PACIFICA, CA	UNITED STATES OF AMERICA		2019	2019						NA	W Pacific	Western Pacific	unknown	Western Pacific	WPac	Dc9.1		novo42_Illumina_SR	99.6	9.37691	11.29	liklihood and hard called analyses	SNPARCHER	LK-GATK	2.5: 101-1000 nesters	post-decline	sig reduced	small_stable	small	stable									exclude	
202	Z207730	207730	HALF MOON BAY, CALIFORNIA, UNITED STATES OF AMERICA	UNITED STATES OF AMERICA		2021	2021						NA	W Pacific	Western Pacific	unknown	Western Pacific	WPac	prob Dc9.1, Redo		novo42_Illumina_SR	99.57	9.35258	11.32	liklihood and hard called analyses	SNPARCHER	LK-GATK	2.5: 101-1000 nesters	post-decline	sig reduced	small_stable	small	stable									exclude	
204	Z210588	210588	~6 MILES OVER MONTEREY CANYON, OFF MOSS LANDING, MONTEREY BAY	UNITED STATES OF AMERICA		2022	2022						NA	W Pacific	Western Pacific	unknown	Western Pacific	WPac	Dc5.1		novo42_Illumina_SR	99.72	9.20534	11.55	liklihood and hard called analyses	SNPARCHER	LK-GATK	2.5: 101-1000 nesters	post-decline	sig reduced	small_stable	small	stable									exclude	
